rent,deposit,layout,area,orientation,floor,decoration,type,compound,street,house_id
1400,付1押1,1室0厅1卫,20平方米,朝南,中层(共18层),精装修,普通住宅,喜峰嘉园,河北 宁园街,3.11E+15
1400,付1押1,1室0厅1卫,35平方米,南北,低层(共7层),精装修,普通住宅,悦雅花园(AC区),AC区,3.11E+15
1500,付1押1,1室1厅1卫,50平方米,朝南,低层(共10层),精装修,普通住宅,盛庭名景花园,北辰 瑞景街,3.11E+15
2100,年付,2室1厅1卫,81平方米,南北,低层(共6层),精装修,普通住宅,滨河新苑,河东 富民路,3.11E+15
2000,付3押1,1室1厅1卫,68平方米,南北,低层(共17层),精装修,普通住宅,碧海鸿庭,塘沽 塘沽新村街,3.11E+15
1500,付1押1,1室0厅1卫,40平方米,朝南,低层(共18层),精装修,普通住宅,保富国际,西青 新梅江南,3.11E+15
1600,付3押1,2室1厅1卫,94平方米,南北,高层(共30层),精装修,普通住宅,远洋城滨悦花园,塘沽 胡家园街,3.11E+15
2550,付3押1,1室1厅1卫,48平方米,朝南,中层(共7层),精装修,普通住宅,金田花园,河北 望海楼街,3.11E+15
1700,付1押1,1室0厅1卫,40平方米,朝南,高层(共31层),精装修,普通住宅,王顶堤家园,西青 中北,3.11E+15
1400,付1押1,1室1厅1卫,35平方米,朝南,高层(共6层),精装修,普通住宅,流霞东里,红桥 西于庄街,3.11E+15
2200,付3押1,2室1厅1卫,91平方米,朝南,高层(共32层),精装修,普通住宅,贻成豪庭,塘沽 工农村街,3.11E+15
1600,付3押1,1室1厅1卫,69平方米,朝南,高层(共30层),精装修,普通住宅,远洋城滨愉花园,塘沽 胡家园街,3.11E+15
2150,付3押1,2室1厅1卫,83.1平方米,南北,中层(共6层),简单装修,普通住宅,先锋公寓,东丽 津塘路,3.11E+15
1550,付3押1,1室1厅1卫,38平方米,朝南,中层(共6层),简单装修,普通住宅,临营西里,河东 常州道,3.08E+15
1600,付3押1,2室1厅1卫,98平方米,南北,高层(共30层),精装修,普通住宅,远洋城滨悦花园,塘沽 胡家园街,3.10E+15
1500,付3押1,2室1厅1卫,77平方米,朝南,低层(共30层),精装修,普通住宅,星耀五洲澜海庄园,津南 津南八里台,3.11E+15
2000,付3押1,2室2厅1卫,92平方米,南北,高层(共32层),精装修,普通住宅,雅晟轩,津南 咸水沽,3.11E+15
2500,付1押1,2室1厅1卫,60平方米,南北,高层(共6层),精装修,普通住宅,华宁北里,南开 天拖南,3.11E+15
2000,付3押1,2室2厅1卫,74平方米,朝南,中层(共29层),精装修,普通住宅,晴景家园,塘沽 工农村街,3.11E+15
13000,付3押1,3室2厅1卫,113.8平方米,朝南,中层(共16层),精装修,普通住宅,格普澜轩,和平 新兴街,3.11E+15
1850,付3押1,2室1厅1卫,65平方米,东北,高层(共24层),精装修,普通住宅,富瀛洲花园,河北 建昌道街,3.10E+15
3000,付3押1,2室2厅1卫,91平方米,朝南,中层(共7层),精装修,普通住宅,盛海公寓,河北 光复道街,3.11E+15
1600,付3押1,2室1厅1卫,60平方米,南北,中层(共6层),简单装修,普通住宅,建昌里,河北 建昌道街,3.11E+15
2100,付1押1,1室1厅1卫,45平方米,朝南,低层(共10层),精装修,普通住宅,紫乐名轩,河东 一号桥,3.10E+15
7000,付3押1,2室1厅1卫,95平方米,朝南,中层(共41层),精装修,公寓,融创星河和平印,和平 南营门,2.91E+15
1300,付3押1,1室1厅1卫,38平方米,南北,高层(共6层),精装修,普通住宅,惠安里,塘沽 塘沽新村街,3.11E+15
2000,面议,1室1厅1卫,66.4平方米,朝南,中层(共28层),精装修,普通住宅,赵沽里新苑,东丽 大毕庄镇,3.11E+15
2000,面议,1室1厅1卫,47平方米,朝南,高层(共9层),精装修,普通住宅,第六大道俊东公寓,河东 上杭路,3.11E+15
2300,付3押1,2室2厅1卫,96.5平方米,朝南,高层(共18层),精装修,普通住宅,雪优花园,东丽 华明镇,3.11E+15
1500,付3押1,2室1厅1卫,83.7平方米,朝南,中层(共6层),精装修,普通住宅,红霞里(津南),津南,3.10E+15
4000,付3押1,2室1厅1卫,60平方米,南北,高层(共6层),精装修,普通住宅,健春里,河西 越秀路,3.11E+15
1300,付1押1,1室1厅1卫,35平方米,朝南,中层(共6层),精装修,普通住宅,梨秀园,西青 新梅江南,3.11E+15
2400,付3押1,2室1厅1卫,96平方米,南北,中层(共6层),精装修,普通住宅,侯台家园,西青 侯台,3.11E+15
1800,付1押1,1室1厅1卫,40平方米,南北,中层(共6层),精装修,普通住宅,晋宁北里,南开 天拖南,3.09E+15
2600,面议,3室2厅1卫,92平方米,南北,高层(共8层),精装修,普通住宅,龙湖天宸原著,津南 海河教育园区,3.11E+15
1600,付1押1,1室0厅1卫,33平方米,朝南,低层(共26层),精装修,普通住宅,中汇大厦,河北 鸿顺里街,3.11E+15
2400,付3押1,2室2厅1卫,95平方米,南北,低层(共22层),精装修,普通住宅,航天家园雅馨园,开发区 中新生态城,3.11E+15
1600,付3押1,1室1厅1卫,50平方米,南北,高层(共6层),精装修,普通住宅,千间宿舍二段,塘沽 新港街,3.11E+15
1900,付3押1,2室2厅1卫,99平方米,朝南,低层(共6层),简单装修,普通住宅,地丰里,西青 张家窝,3.10E+15
1500,半年付押1,1室1厅1卫,61.9平方米,朝南,高层(共6层),简单装修,普通住宅,詹滨西里社区,东丽 先锋路,3.10E+15
1900,付3押1,1室1厅1卫,64.2平方米,朝南,高层(共32层),精装修,普通住宅,嘉畅园,河北 建昌道街,3.11E+15
2000,付3押1,2室1厅0卫,67平方米,朝南,中层(共36层),精装修,普通住宅,碧春园,红桥 双环街,3.10E+15
3600,付3押1,3室2厅2卫,134平方米,南北,低层(共33层),精装修,普通住宅,金旭园,河东 鲁山道,3.11E+15
1900,付3押1,2室1厅1卫,75平方米,南北,高层(共15层),精装修,普通住宅,华润橡树湾芳润轩,东丽 华明镇,3.10E+15
4000,付3押1,2室2厅1卫,108平方米,朝南,中层(共18层),精装修,普通住宅,星月轩,开发区 第三大街,3.11E+15
1800,付3押1,1室1厅1卫,56平方米,南北,低层(共6层),精装修,普通住宅,康桥里,河北 建昌道街,3.11E+15
4200,付3押1,3室2厅2卫,124平方米,南北,中层(共8层),精装修,普通住宅,龙湖天宸原著,津南 海河教育园区,3.03E+15
2400,付3押1,2室1厅1卫,80平方米,朝南,低层(共31层),精装修,普通住宅,新城家园,塘沽 新港街,3.11E+15
5500,付3押1,3室1厅2卫,100平方米,南北,高层(共6层),精装修,普通住宅,寿安里,和平 新兴街,3.11E+15
6000,付3押1,2室1厅1卫,78.8平方米,朝南,中层(共61层),精装修,普通住宅,和平翰林公馆,和平 劝业场,3.11E+15
2000,付3押1,2室1厅1卫,80平方米,朝南,高层(共26层),简单装修,普通住宅,荣乐园,北辰 青光,3.11E+15
2200,付3押1,2室1厅1卫,86平方米,南北,高层(共33层),精装修,普通住宅,首创国际城,塘沽 工农村街,3.11E+15
2000,付3押1,2室2厅1卫,86平方米,朝南,高层(共18层),精装修,普通住宅,鲲贝园,开发区 中新生态城,3.10E+15
2400,付3押1,2室1厅1卫,95平方米,朝南,高层(共34层),精装修,普通住宅,晓镇家园,塘沽 工农村街,3.09E+15
4700,付3押1,1室1厅1卫,67.4平方米,朝南,高层(共49层),精装修,普通住宅,都会轩,和平 体育馆,3.11E+15
2300,付3押1,2室1厅1卫,79平方米,朝北,高层(共27层),简单装修,普通住宅,鸿正富贵嘉园,塘沽 新港街,3.09E+15
3500,付3押1,2室1厅1卫,54平方米,南北,中层(共6层),精装修,普通住宅,朝阳里(和平),和平,3.11E+15
3500,面议,2室2厅1卫,90.3平方米,南北,高层(共26层),精装修,其他,美域豪庭,西青 李七庄,3.11E+15
2100,面议,2室1厅1卫,104平方米,南北,高层(共6层),精装修,普通住宅,胜景花园,河北 新开河街,3.10E+15
3200,面议,2室1厅1卫,97.2平方米,南北,低层(共10层),精装修,普通住宅,春和仁居,河北 建昌道街,3.11E+15
2500,付3押1,3室1厅1卫,94.2平方米,朝南,高层(共22层),精装修,普通住宅,雪优花园,东丽 华明镇,3.05E+15
5200,付3押1,2室1厅1卫,98平方米,南北,低层(共7层),精装修,普通住宅,森淼公寓,河西 马场道,3.11E+15
1700,付1押1,1室0厅1卫,30平方米,朝南,低层(共30层),精装修,普通住宅,中储正荣栋境,河东 上杭路,3.11E+15
1500,面议,1室1厅1卫,30平方米,朝南,高层(共7层),简单装修,普通住宅,天环里,南开 万兴街,3.10E+15
1260,面议,1室1厅1卫,40平方米,朝南,高层(共6层),简单装修,普通住宅,宜鹏园,北辰 宜兴埠,3.10E+15
3000,付3押1,2室2厅1卫,124.2平方米,朝北,低层(共18层),精装修,普通住宅,阳光100国际新城东园,南开 体育中心,3.11E+15
1800,付3押1,1室1厅1卫,44平方米,朝南,低层(共11层),精装修,普通住宅,颐景公寓,东丽 空港经济区,3.11E+15
1650,付1押1,1室1厅1卫,30平方米,朝南,低层(共6层),精装修,普通住宅,水蓝花园,南开 水上公园,3.10E+15
1645,年付押1,1室1厅1卫,40平方米,朝南,低层(共7层),精装修,普通住宅,新城小区,河西 挂甲寺,3.11E+15
3300,付3押1,3室2厅2卫,149.5平方米,朝南,低层(共13层),精装修,公寓,颐景公寓,东丽 空港经济区,3.11E+15
1200,付3押1,2室2厅1卫,80平方米,朝南,中层(共33层),精装修,普通住宅,星耀五洲枫情阳光城,津南 津南八里台,3.11E+15
2200,面议,2室2厅1卫,110平方米,南北,低层(共16层),简单装修,普通住宅,碧海鸿庭,塘沽 塘沽新村街,3.11E+15
4200,付3押1,2室1厅1卫,59平方米,南北,中层(共7层),精装修,普通住宅,鸿记里,和平 劝业场,3.11E+15
3000,付3押1,2室2厅1卫,86.1平方米,南北,高层(共18层),精装修,普通住宅,意境兰庭,东丽 空港经济区,3.10E+15
1550,付1押1,1室0厅1卫,45平方米,朝南,低层(共25层),精装修,普通住宅,振业名邸,红桥 双环街,3.10E+15
15000,年付,5室2厅2卫,234平方米,南北,中层(共32层),精装修,普通住宅,恒大帝景,河东 富民路,2.98E+15
1700,付3押1,3室1厅1卫,90平方米,南北,高层(共34层),精装修,普通住宅,远洋城滨雅花园,塘沽 胡家园街,3.11E+15
1500,付3押1,2室1厅1卫,54.7平方米,南北,共5层,简单装修,普通住宅,渤海石油新村(三区),塘沽 渤海石油街,3.11E+15
10000,付3押1,4室2厅2卫,181平方米,南北,高层(共33层),精装修,其他,仁恒公园世纪,河西 梅江南,3.11E+15
1600,付3押1,2室1厅1卫,107.4平方米,南北,高层(共6层),简单装修,普通住宅,春江里,东丽 大毕庄镇,3.08E+15
2100,付3押1,2室1厅1卫,55平方米,南北,高层(共6层),精装修,普通住宅,贺福里,河西 柳林,3.11E+15
1800,付3押1,1室1厅1卫,39平方米,朝南,中层(共6层),精装修,普通住宅,河华里,塘沽 塘沽新村街,3.11E+15
1900,付3押1,2室1厅1卫,74.6平方米,朝南,中层(共31层),精装修,普通住宅,晴景家园,塘沽 工农村街,3.11E+15
1200,付3押1,2室2厅1卫,87.2平方米,朝南,低层(共32层),简单装修,普通住宅,大唐盛世观雅庭院,津南 津南八里台,3.11E+15
2000,付3押1,2室1厅1卫,64.7平方米,朝南,共5层,简单装修,普通住宅,泰山里, ,3.10E+15
1500,付3押1,2室1厅1卫,83.7平方米,朝南,中层(共6层),精装修,普通住宅,红霞里(津南),津南,3.10E+15
6000,付3押1,2室1厅1卫,111平方米,南北,中层(共6层),简单装修,普通住宅,德恩里,河西 桃园街,3.11E+15
2300,付3押1,2室1厅1卫,95平方米,朝南,中层(共34层),精装修,普通住宅,首创国际城,塘沽 工农村街,3.09E+15
2550,付3押1,2室1厅1卫,56平方米,朝南,高层(共7层),简单装修,普通住宅,兴河里小区,和平 新兴街,3.11E+15
1700,付1押1,1室1厅1卫,45平方米,朝南,低层(共19层),精装修,普通住宅,振业名邸,红桥 双环街,3.11E+15
2800,面议,2室1厅1卫,93平方米,南北,中层(共30层),精装修,普通住宅,悦海园,塘沽 解放路街,3.10E+15
3500,付3押1,1室2厅1卫,61.7平方米,东北,高层(共30层),简单装修,普通住宅,龙亭家园,南开 鼓楼,3.11E+15
5500,付3押1,3室2厅2卫,145平方米,南北,高层(共16层),精装修,普通住宅,水木天成临湾园,红桥 咸阳北路街,3.10E+15
1700,付1押1,1室1厅1卫,35平方米,朝南,低层(共23层),精装修,普通住宅,中储正荣栋境,河东 上杭路,3.09E+15
1700,付1押1,2室1厅1卫,30平方米,朝南,中层(共20层),精装修,普通住宅,大运河府,北辰 瑞景街,3.11E+15
2500,付1押1,2室1厅1卫,48.8平方米,南北,高层(共6层),精装修,普通住宅,鹤园北里,南开 王顶堤,3.11E+15
1600,付1押1,2室1厅1卫,60平方米,南北,中层(共6层),精装修,普通住宅,延安里,塘沽 向阳街,3.05E+15
4500,付1押1,3室1厅2卫,80.8平方米,南北,中层(共22层),精装修,普通住宅,金冠里,南开 王顶堤,3.11E+15
2700,付3押1,3室2厅1卫,89平方米,朝南,低层(共7层),精装修,普通住宅,阳光城未来悦,津南 海河教育园区,3.10E+15
1700,付3押1,1室1厅1卫,60平方米,南北,高层(共15层),精装修,普通住宅,和畅园(滨海),滨海,3.11E+15
2500,付3押1,2室2厅1卫,84平方米,南北,中层(共9层),精装修,普通住宅,宜禾美锦园,开发区 中新生态城,3.11E+15
2600,付3押1,1室1厅1卫,37.9平方米,朝西,中层(共7层),精装修,普通住宅,三合里,河西 马场道,3.11E+15
3600,面议,3室2厅2卫,118平方米,南北,低层(共13层),精装修,其他,融林园,东丽 张贵庄街,3.11E+15
1400,付1押1,1室1厅1卫,30平方米,朝南,高层(共12层),精装修,普通住宅,富力津门湖黛湖花园,西青 新梅江南,3.11E+15
1800,付1押1,1室1厅1卫,40平方米,朝南,低层(共11层),精装修,普通住宅,万科西华府博华苑,西青 中北,3.09E+15
1800,付1押1,1室1厅1卫,40平方米,朝南,低层(共11层),精装修,普通住宅,万科西华府博华苑,西青 中北,3.09E+15
1700,付3押1,2室1厅1卫,80平方米,朝南,高层(共25层),精装修,普通住宅,欣然苑,塘沽 北塘街,3.11E+15
1300,付1押1,1室0厅1卫,30平方米,朝南,低层(共10层),精装修,普通住宅,喜峰嘉园,河北 宁园街,3.11E+15
3500,付3押1,2室1厅1卫,77平方米,南北,高层(共7层),简单装修,普通住宅,新建村小区,和平 和平周边,3.09E+15
2500,付3押1,1室1厅1卫,42平方米,朝南,中层(共26层),精装修,普通住宅,融创奥城天玺,南开 体育中心,3.10E+15
560,付1押1,3室1厅1卫,16平方米,朝南,中层(共8层),精装修,普通住宅,旭辉燕南园,西青 精武,3.06E+15
2200,付3押1,3室2厅1卫,90平方米,朝南,中层(共32层),精装修,普通住宅,津南新城合安园,津南 咸水沽,3.11E+15
1600,付3押1,2室2厅1卫,70平方米,南北,共5层,简单装修,普通住宅,渤海石油新村(四区),塘沽 渤海石油街,3.11E+15
4980,付1押1,4室2厅2卫,244平方米,南北,低层(共27层),精装修,普通住宅,合生君景湾,开发区 第五大街,3.11E+15
7500,付3押1,2室1厅1卫,89.5平方米,西北,高层(共41层),豪华装修,普通住宅,融创星河和平印,和平 南营门,3.02E+15
3500,付3押1,2室1厅1卫,56平方米,朝南,共5层,精装修,普通住宅,竞业里, ,3.11E+15
2000,付3押1,2室1厅1卫,58.9平方米,南北,高层(共6层),精装修,普通住宅,吉祥里,塘沽 解放路街,3.09E+15
1500,付3押1,2室1厅1卫,90平方米,南北,中层(共26层),精装修,普通住宅,远洋城滨兴花园,滨海新区 滨海城区,3.11E+15
2800,付3押1,2室2厅1卫,87平方米,南北,低层(共29层),简单装修,普通住宅,雅仕兰庭,河东 富民路,3.11E+15
1200,付3押1,1室1厅1卫,60平方米,朝南,高层(共28层),简单装修,普通住宅,南仓新苑,北辰 北仓,3.10E+15
4000,付3押1,2室1厅1卫,59.8平方米,东西,中层(共6层),精装修,普通住宅,市政里小区,和平 南营门,3.11E+15
2600,付3押1,2室2厅1卫,100平方米,南北,高层(共24层),精装修,普通住宅,雪优花园,东丽 华明镇,3.11E+15
1500,付3押1,1室1厅1卫,62平方米,朝南,低层(共30层),精装修,普通住宅,盛泽园,北辰 青光,3.11E+15
2300,付3押1,2室2厅1卫,93平方米,南北,高层(共21层),精装修,普通住宅,鲲玉园,开发区 中新生态城,3.10E+15
6000,面议,1室1厅1卫,66.3平方米,东南,中层(共50层),精装修,普通住宅,都会轩,和平 体育馆,3.11E+15
4600,付3押1,2室2厅1卫,83.7平方米,东北,低层(共30层),精装修,普通住宅,尚佳新苑,南开 鼓楼,3.11E+15
2100,付3押1,1室1厅1卫,38平方米,朝南,中层(共17层),精装修,普通住宅,康达尚郡,南开 华苑,3.11E+15
2300,付3押1,2室1厅1卫,72.4平方米,朝南,中层(共24层),简单装修,普通住宅,贵贤里,河北 铁东路街,3.10E+15
2300,付3押1,2室1厅1卫,55平方米,朝南,高层(共6层),简单装修,普通住宅,益寿东里,河东 常州道,3.11E+15
1800,付1押1,1室1厅1卫,50平方米,朝南,高层(共20层),精装修,普通住宅,富民河畔家园,河东 富民路,3.10E+15
3000,付3押1,2室2厅1卫,93平方米,南北,高层(共30层),精装修,普通住宅,大津城臻品,西青 李七庄,3.10E+15
800,付1押1,3室1厅2卫,32平方米,朝南,低层(共21层),精装修,普通住宅,贻欣园,开发区 第一大街,3.09E+15
7000,付3押1,2室1厅1卫,90.8平方米,东南,低层(共31层),精装修,普通住宅,金德园,和平 南营门,3.11E+15
750,付1押1,3室1厅1卫,19.8平方米,朝南,低层(共6层),精装修,普通住宅,赛园里,河北 宁园街,3.11E+15
3300,付3押1,2室2厅1卫,93.3平方米,南北,低层(共26层),精装修,普通住宅,美域豪庭,西青 李七庄,3.10E+15
3500,付3押1,2室2厅1卫,90.3平方米,朝南,高层(共26层),精装修,普通住宅,美域豪庭,西青 李七庄,3.11E+15
2800,付3押1,2室1厅1卫,88平方米,南北,高层(共33层),精装修,普通住宅,万海华府北苑,滨海新区 滨海城区,3.11E+15
7000,付3押1,3室1厅2卫,115.7平方米,南北,高层(共7层),精装修,普通住宅,尚府云台花园,和平 劝业场,3.11E+15
650,付1押1,3室1厅1卫,20平方米,朝南,中层(共24层),精装修,普通住宅,欣荣馨苑,河东 春华街,3.11E+15
4500,付3押1,3室2厅2卫,140平方米,南北,高层(共11层),精装修,普通住宅,海韵园(塘沽),塘沽,3.10E+15
3200,付3押1,2室1厅1卫,93平方米,南北,低层(共30层),精装修,普通住宅,悦海园,塘沽 解放路街,3.11E+15
2000,面议,2室2厅1卫,96.8平方米,南北,高层(共6层),简单装修,普通住宅,中盛里,西青 李七庄,3.05E+15
850,付1押1,3室1厅2卫,30平方米,朝南,中层(共21层),精装修,普通住宅,世富嘉园,开发区 第二大街,3.11E+15
788,付1押1,3室1厅2卫,25平方米,朝南,中层(共12层),精装修,普通住宅,泰达新天地,开发区 第二大街,3.09E+15
850,付1押1,3室1厅1卫,20平方米,朝南,高层(共35层),精装修,普通住宅,盈秀园,南开 天拖南,3.11E+15
2700,面议,1室1厅1卫,45平方米,朝南,中层(共26层),精装修,普通住宅,融创奥城天玺,南开 体育中心,3.11E+15
750,付1押1,3室2厅2卫,15平方米,南北,高层(共6层),精装修,普通住宅,龙居花园三区,西青 大寺,3.11E+15
7300,付3押1,2室2厅1卫,92平方米,西北,高层(共41层),精装修,公寓,融创星河和平印,和平 南营门,3.11E+15
2200,付3押1,2室2厅1卫,94.1平方米,南北,高层(共34层),精装修,普通住宅,嘉安园,塘沽 工农村街,3.11E+15
8300,付3押1,3室2厅2卫,158.7平方米,南北,中层(共28层),豪华装修,普通住宅,天越园,南开 鼓楼,3.07E+15
2000,付3押1,1室1厅1卫,39平方米,朝南,高层(共7层),简单装修,普通住宅,卫安中里,南开 广开街,3.11E+15
2500,付3押1,1室1厅1卫,39.2平方米,朝南,高层(共6层),简单装修,普通住宅,信华楼,和平 南营门,3.11E+15
1600,付3押1,1室1厅1卫,24.5平方米,朝北,高层(共7层),简单装修,普通住宅,新义信里,河东 大王庄,3.09E+15
2600,付3押1,1室1厅1卫,44.6平方米,南北,高层(共6层),简单装修,普通住宅,群富里,南开 万兴街,3.11E+15
1800,付3押1,1室1厅1卫,28.3平方米,朝东,高层(共7层),简单装修,普通住宅,卫安中里,南开 广开街,3.08E+15
2200,付3押1,2室1厅1卫,25.4平方米,南北,共5层,简单装修,普通住宅,育红楼, ,3.11E+15
2000,付3押1,2室1厅1卫,103.3平方米,朝北,高层(共6层),简单装修,普通住宅,人民家园,红桥 双环街,3.11E+15
2600,面议,2室1厅1卫,43平方米,朝东,高层(共7层),简单装修,普通住宅,珠波里,河西 越秀路,3.11E+15
1900,付3押1,1室1厅1卫,36.9平方米,朝南,共5层,简单装修,普通住宅,新闻里, ,3.11E+15
3700,付3押1,2室1厅1卫,65.5平方米,朝南,高层(共6层),简单装修,普通住宅,怀远里,和平 南市,3.11E+15
2000,付3押1,1室1厅1卫,35平方米,朝南,中层(共8层),简单装修,普通住宅,元兴新里,河西 桃园街,3.11E+15
1400,付3押1,1室0厅1卫,22.4平方米,朝南,中层(共6层),简单装修,普通住宅,本溪楼,红桥 咸阳北路街,3.11E+15
1600,付3押1,2室1厅1卫,60平方米,朝南,高层(共6层),简单装修,普通住宅,金华里(东丽),东丽,3.11E+15
1700,面议,1室1厅1卫,37.6平方米,朝南,高层(共6层),简单装修,普通住宅,前程里(河西),河西,3.11E+15
1700,付3押1,1室1厅1卫,42.1平方米,朝东,高层(共7层),简单装修,普通住宅,拥军里,南开 向阳路,3.11E+15
1750,付3押1,2室1厅1卫,61平方米,朝南,高层(共6层),简单装修,普通住宅,景致里,河西 柳林,3.11E+15
1600,付3押1,1室1厅1卫,62.9平方米,朝南,中层(共6层),简单装修,普通住宅,万达新城普旺里,北辰 普东街,3.11E+15
2600,付3押1,2室1厅1卫,52.7平方米,南北,共5层,简单装修,普通住宅,环湖西里(南区),河西 天塔,3.11E+15
2000,付3押1,2室1厅1卫,43.6平方米,东南,高层(共6层),简单装修,普通住宅,临潼西里,南开 长虹街,3.11E+15
2000,付3押1,1室1厅1卫,71.3平方米,朝西,高层(共6层),简单装修,普通住宅,锦西南里,红桥 咸阳北路街,3.11E+15
1700,付3押1,1室1厅1卫,42.4平方米,朝东,低层(共7层),简单装修,普通住宅,林容里,河北 光复道街,3.11E+15
1600,付3押1,1室1厅1卫,38平方米,朝东,低层(共6层),简单装修,普通住宅,月秋里,河北 鸿顺里街,3.11E+15
1600,付3押1,1室1厅1卫,49.5平方米,朝南,低层(共7层),简单装修,普通住宅,雅美里,南开 长虹街,3.11E+15
1400,付3押1,1室1厅1卫,47平方米,朝南,高层(共7层),简单装修,普通住宅,中山门东里,河东 中山门,3.11E+15
1400,付3押1,1室1厅1卫,47平方米,朝南,高层(共7层),简单装修,普通住宅,中山门东里,河东 中山门,3.11E+15
1000,付3押1,2室1厅1卫,83平方米,朝南,中层(共6层),简单装修,普通住宅,红霞里(津南),津南,3.11E+15
3700,付3押1,3室2厅1卫,106平方米,南北,高层(共7层),简单装修,普通住宅,米兰弘丽园,红桥 芥园街,3.11E+15
2400,付3押1,2室1厅1卫,68.5平方米,朝东,高层(共7层),简单装修,普通住宅,昆璞里,河北 鸿顺里街,3.11E+15
1600,付3押1,1室1厅1卫,26.9平方米,朝南,低层(共7层),简单装修,普通住宅,文苑楼,河西 友谊路,3.11E+15
1700,付3押1,1室1厅1卫,68平方米,朝南,高层(共6层),简单装修,普通住宅,植园里,南开 八里台,3.11E+15
2100,付3押1,2室1厅1卫,60平方米,朝南,高层(共6层),简单装修,普通住宅,佳园南里,红桥 双环街,3.11E+15
3900,付3押1,2室1厅1卫,80平方米,东西,低层(共6层),简单装修,普通住宅,卫华里(和平),和平,3.11E+15
2100,付3押1,2室1厅1卫,78平方米,朝南,低层(共6层),简单装修,普通住宅,宸宜花园,北辰 普东街,3.11E+15
5800,面议,4室1厅2卫,133.6平方米,南北,共1层,简单装修,普通住宅,金典花园, ,3.11E+15
1300,付3押1,2室2厅1卫,110平方米,南北,共5层,简单装修,普通住宅,九通家园, ,3.11E+15
1450,付3押1,2室1厅1卫,55.9平方米,南北,高层(共6层),简单装修,普通住宅,昌图楼,红桥 咸阳北路街,3.11E+15
2900,付3押1,3室1厅2卫,180平方米,南北,低层(共6层),简单装修,普通住宅,翠涛里,北辰 宜兴埠,3.11E+15
2200,付3押1,1室1厅1卫,46.8平方米,南北,低层(共6层),简单装修,普通住宅,金波里,河北 望海楼街,3.11E+15
650,面议,1室1厅1卫,76平方米,南北,中层(共6层),简单装修,普通住宅,宝鑫景苑,宝坻 海滨街,3.11E+15
1450,付3押1,1室1厅1卫,39平方米,朝南,高层(共6层),简单装修,普通住宅,振宜里,河北 铁东路街,3.11E+15
2400,付3押1,2室1厅1卫,42.5平方米,朝东,高层(共7层),简单装修,普通住宅,珠波里,河西 越秀路,3.10E+15
1800,付3押1,1室1厅1卫,43.2平方米,南北,高层(共7层),简单装修,普通住宅,荣兴温泉公寓,河东 大直沽,3.11E+15
2500,付3押1,2室1厅1卫,31平方米,朝东,中层(共7层),简单装修,普通住宅,积庆里,河西 大营门,3.11E+15
3200,付3押1,1室1厅1卫,53平方米,东南,低层(共32层),简单装修,普通住宅,吉利花园,和平 南营门,3.11E+15
1620,付3押1,1室1厅1卫,49平方米,朝南,高层(共6层),简单装修,普通住宅,佳宁里,红桥 双环街,3.11E+15
1800,付3押1,2室1厅1卫,53.9平方米,朝东,高层(共6层),简单装修,普通住宅,日远里,河北 鸿顺里街,3.11E+15
1400,付3押1,1室1厅1卫,36.9平方米,朝东,中层(共8层),简单装修,普通住宅,新城小区,河西 挂甲寺,3.11E+15
1900,付3押1,1室1厅1卫,38平方米,南北,高层(共6层),简单装修,普通住宅,堤东里,南开 王顶堤,3.11E+15
1600,面议,1室1厅1卫,43.2平方米,西北,高层(共7层),简单装修,普通住宅,宫前园,河东 大直沽,3.11E+15
1300,面议,3室2厅1卫,70平方米,朝南,共5层,简单装修,其他,香港建鑫城, ,3.11E+15
1700,付3押1,1室1厅1卫,41平方米,朝南,高层(共8层),简单装修,普通住宅,新城小区,河西 挂甲寺,3.05E+15
8500,付3押1,1室0厅1卫,47.1平方米,南北,共3层,精装修,普通住宅,马场道小区(40-56号)(和平),和平,3.02E+15
2000,付3押1,1室1厅1卫,46平方米,朝东,高层(共6层),简单装修,普通住宅,义兴里,南开 万兴街,3.11E+15
1650,付3押1,1室1厅1卫,24.9平方米,朝南,中层(共6层),简单装修,普通住宅,临平里,南开 向阳路,3.04E+15
1400,付1押1,1室1厅1卫,33平方米,朝南,高层(共6层),简单装修,普通住宅,靖泰里,河东 常州道,3.11E+15
870,付1押1,1室1厅1卫,43平方米,朝南,共5层,简单装修,普通住宅,光明里(津南),津南 咸水沽,3.11E+15
1800,付3押1,1室1厅1卫,34.9平方米,朝南,中层(共8层),简单装修,普通住宅,红波里,河西 越秀路,3.11E+15
1800,付3押1,1室1厅1卫,61平方米,东西,中层(共6层),简单装修,普通住宅,佳宁里,红桥 双环街,3.11E+15
1250,年付押1,1室1厅1卫,70平方米,南北,高层(共11层),简单装修,普通住宅,金河家园,东丽 大毕庄镇,3.11E+15
1300,付3押1,1室1厅1卫,69.8平方米,南北,高层(共6层),简单装修,普通住宅,万新公寓,东丽 程林街,3.11E+15
1300,付3押1,2室1厅1卫,86平方米,南北,高层(共6层),简单装修,普通住宅,安达里(滨海),滨海,3.11E+15
3500,付3押1,2室2厅1卫,53.2平方米,朝北,低层(共6层),简单装修,普通住宅,港建里,河西 大营门,3.11E+15
1800,付3押1,1室1厅1卫,40.3平方米,朝南,低层(共6层),简单装修,普通住宅,西园南里,河西 友谊路,3.11E+15
1300,半年付押1,2室1厅1卫,89平方米,南北,中层(共6层),简单装修,普通住宅,华盛里(东丽),东丽,3.11E+15
1600,付3押1,1室1厅1卫,57.4平方米,南北,中层(共6层),简单装修,普通住宅,长平西里,红桥 丁字沽街,3.11E+15
1900,付3押1,1室1厅1卫,63.6平方米,东南,中层(共28层),简单装修,普通住宅,通达新苑,河北 江都路街,3.11E+15
850,半年付,1室1厅1卫,44.5平方米,朝南,低层(共6层),简单装修,普通住宅,王园北里家园公寓,汉沽 汉沽街,2.99E+15
1600,付3押1,1室1厅1卫,23.9平方米,朝东,高层(共8层),简单装修,普通住宅,新城小区,河西 挂甲寺,3.06E+15
1300,付3押1,1室1厅1卫,36.9平方米,朝南,共4层,简单装修,普通住宅,兴华里(塘沽),塘沽 杭州道街,3.11E+15
1300,付3押1,1室1厅1卫,22平方米,朝南,共5层,简单装修,普通住宅,双山里, ,3.11E+15
1400,付3押1,2室1厅1卫,50平方米,朝南,共5层,简单装修,普通住宅,粤江里, ,3.11E+15
650,付1押1,1室0厅1卫,40平方米,南北,高层(共11层),简单装修, ,惠昊商住,武清 杨村街,3.11E+15
1300,付3押1,3室2厅1卫,110平方米,南北,高层(共6层),简单装修,普通住宅,育才里(津南),津南,3.11E+15
2000,付3押1,2室1厅1卫,71平方米,南北,中层(共6层),简单装修,普通住宅,映日嘉园,河东 二号桥,3.11E+15
2500,付3押1,2室1厅1卫,60平方米,南北,高层(共6层),简单装修,普通住宅,宾水北里,河西 天塔,3.11E+15
1300,付3押1,2室1厅1卫,76.5平方米,南北,中层(共6层),简单装修,普通住宅,城际美景,北辰 双街镇,3.01E+15
1800,付3押1,1室1厅1卫,42平方米,朝东,中层(共7层),简单装修,普通住宅,元吉里,河北 鸿顺里街,3.11E+15
1300,面议,3室2厅1卫,106平方米,朝南,高层(共6层),简单装修,普通住宅,广厦西里,武清 杨村街,3.11E+15
1400,付3押1,1室1厅1卫,56.2平方米,朝南,高层(共6层),简单装修,普通住宅,燕宇新城,红桥 西沽街,3.11E+15
1300,面议,2室2厅1卫,94.5平方米,南北,低层(共11层),简单装修,普通住宅,天锦园,宝坻 海滨街,3.11E+15
1900,付3押1,1室1厅1卫,35平方米,朝西,中层(共8层),简单装修,普通住宅,西楼北里,河西 桃园街,3.11E+15
2500,面议,1室1厅1卫,60平方米,朝南,高层(共7层),简单装修,普通住宅,景湖里,南开 学府街,3.11E+15
2300,付3押1,1室1厅1卫,68平方米,朝南,高层(共6层),简单装修,普通住宅,水蓝花园,南开 水上公园,3.11E+15
2500,付3押1,2室1厅1卫,60平方米,朝北,高层(共7层),简单装修,普通住宅,卫安南里,南开 广开街,3.11E+15
1800,付3押1,1室1厅1卫,21.3平方米,朝南,共5层,简单装修,普通住宅,平湖东里, ,3.11E+15
1500,半年付押1,2室1厅1卫,90平方米,南北,低层(共11层),简单装修,普通住宅,金河家园,东丽 大毕庄镇,3.11E+15
1900,付3押1,1室1厅1卫,41.4平方米,朝南,中层(共7层),简单装修,普通住宅,昆璞里,河北 鸿顺里街,3.11E+15
1350,付3押1,1室1厅1卫,31平方米,朝南,共5层,简单装修,普通住宅,朝阳新村, ,3.09E+15
1600,面议,1室1厅1卫,52平方米,朝北,低层(共6层),简单装修,普通住宅,舒园里,河北 宁园街,3.11E+15
1900,付3押1,1室1厅1卫,40平方米,朝南,低层(共6层),简单装修,普通住宅,康华里,红桥 铃铛阁街,3.11E+15
1500,付3押1,1室1厅1卫,32.4平方米,东南,中层(共7层),简单装修,普通住宅,隆新里,河北 光复道街,3.11E+15
1400,面议,2室1厅1卫,75平方米,朝南,中层(共11层),简单装修,普通住宅,风雅苑,北辰 大张庄镇,3.11E+15
1700,付3押1,1室1厅1卫,34平方米,朝北,中层(共7层),简单装修,普通住宅,同发里(和平),和平,3.11E+15
2600,付3押1,2室1厅1卫,55平方米,朝南,中层(共6层),简单装修,普通住宅,风湖里,南开 学府街,3.11E+15
1700,付3押1,1室1厅1卫,34平方米,朝北,中层(共7层),简单装修,普通住宅,同发里(和平),和平,3.11E+15
2600,付3押1,2室1厅1卫,55平方米,朝南,中层(共6层),简单装修,普通住宅,风湖里,南开 学府街,3.11E+15
950,半年付,1室1厅1卫,60平方米,朝南,共4层,简单装修,普通住宅,荷信苑, ,3.11E+15
1300,付3押1,1室1厅1卫,37.3平方米,朝南,高层(共7层),简单装修,普通住宅,西青道楼,红桥 p公庄街,3.11E+15
2000,付3押1,1室1厅1卫,53.3平方米,南北,高层(共7层),简单装修,普通住宅,雅云里,南开 长虹街,3.11E+15
900,付3押1,2室1厅1卫,52平方米,南北,共3层,精装修,普通住宅,九龙里, ,3.11E+15
1500,付3押1,1室1厅1卫,33平方米,朝东,高层(共7层),简单装修,普通住宅,新城小区,河西 挂甲寺,3.04E+15
1300,付3押1,3室2厅2卫,105平方米,南北,低层(共8层),简单装修,普通住宅,中昂安纳西小镇,静海 团泊镇,3.11E+15
1400,付3押1,2室1厅1卫,101平方米,朝西,中层(共17层),简单装修,普通住宅,菁华津城,塘沽 胡家园街,3.11E+15
800,付3押1,1室1厅1卫,32平方米,南北,高层(共6层),简单装修,普通住宅,育才里(津南),津南,3.11E+15
1600,付3押1,1室1厅1卫,32.2平方米,朝南,中层(共6层),简单装修,普通住宅,彩霞里,南开 向阳路,3.11E+15
2300,付3押1,1室1厅1卫,46.5平方米,朝东,低层(共16层),简单装修,普通住宅,摩登天空凤仪园,南开 兴南街,3.04E+15
1800,付3押1,1室1厅1卫,40平方米,南北,低层(共6层),毛坯,普通住宅,义兴南里,南开 万兴街,3.11E+15
1300,付3押1,1室1厅0卫,58.6平方米,朝南,中层(共17层),简单装修,普通住宅,泰达海澜花园,塘沽 渤海石油街,3.11E+15
1500,付3押1,1室1厅1卫,67平方米,南北,中层(共7层),简单装修,普通住宅,园丁公寓,河西 柳林,3.11E+15
1700,面议,3室2厅1卫,127平方米,朝南,高层(共6层),简单装修,普通住宅,平安里(武清),武清,3.11E+15
900,付3押1,1室1厅1卫,38平方米,朝东,中层(共6层),简单装修,普通住宅,朝阳里(北辰),北辰,3.08E+15
2000,付3押1,2室1厅1卫,56平方米,南北,共5层,简单装修,普通住宅,密云里, ,3.11E+15
1600,付3押1,2室1厅1卫,66.5平方米,南北,高层(共6层),简单装修,普通住宅,东升里(北辰),北辰,3.11E+15
1400,付3押1,1室1厅1卫,56平方米,朝南,中层(共11层),简单装修,普通住宅,鑫港园,津南 双港,3.11E+15
1300,付3押1,2室1厅1卫,61平方米,南北,低层(共6层),简单装修,普通住宅,振业里,大港 迎宾街,3.04E+15
1400,付3押1,1室1厅1卫,64平方米,朝南,高层(共7层),简单装修,普通住宅,金凤里(北辰),北辰,3.11E+15
2400,付3押1,1室1厅1卫,36.9平方米,朝南,低层(共6层),简单装修,普通住宅,耀远里,南开 兴南街,3.07E+15
1800,面议,2室1厅1卫,57.5平方米,朝南,中层(共6层),简单装修,普通住宅,佳园南里,红桥 双环街,3.11E+15
1650,付1押1,1室1厅1卫,22平方米,朝西,中层(共6层),简单装修,普通住宅,春香里,南开 万兴街,3.11E+15
2900,付3押1,2室1厅1卫,59平方米,东西,共5层,简单装修,普通住宅,敬重里, ,3.11E+15
2300,付3押1,1室1厅1卫,55.9平方米,朝北,中层(共14层),简单装修,普通住宅,安德公寓,河西 桃园街,3.11E+15
1800,付3押1,2室1厅1卫,60平方米,南北,高层(共6层),简单装修,普通住宅,容彩里,河北 王串场街,3.11E+15
1300,付3押1,1室1厅1卫,57平方米,南北,中层(共6层),简单装修,普通住宅,讷河里,北辰 集贤里,3.11E+15
2100,付3押1,2室1厅1卫,50.1平方米,南北,中层(共6层),简单装修,普通住宅,月秋里,河北 鸿顺里街,3.07E+15
1300,付3押1,1室1厅1卫,59.9平方米,南北,低层(共18层),简单装修,普通住宅,辽河园,北辰 宜兴埠,3.11E+15
1400,付3押1,1室1厅1卫,38平方米,朝南,共4层,简单装修,普通住宅,兴华里(塘沽),塘沽 杭州道街,3.11E+15
2000,付3押1,2室1厅1卫,50平方米,朝南,中层(共6层),简单装修,普通住宅,彩霞里,南开 向阳路,3.11E+15
2900,付3押1,2室1厅1卫,58平方米,朝东,低层(共7层),简单装修,普通住宅,气象西里,和平 南营门,3.02E+15
2500,付3押1,2室1厅1卫,72.2平方米,东西,低层(共7层),简单装修,普通住宅,昆石里,河北 望海楼街,3.11E+15
1900,半年付,3室2厅2卫,118.4平方米,东南,高层(共11层),简单装修, ,大张庄镇,北辰 大张庄镇,2.99E+15
1600,付3押1,2室1厅1卫,92平方米,东西,高层(共6层),精装修,普通住宅,万达新城普旺里,北辰 普东街,3.11E+15
2100,付3押1,2室1厅1卫,84平方米,南北,低层(共6层),简单装修,普通住宅,任贤里,河北 铁东路街,3.11E+15
1300,付3押1,1室0厅1卫,30平方米,朝南,共5层,简单装修,普通住宅,黄埔里, ,3.11E+15
1000,面议,2室1厅1卫,86.2平方米,南北,中层(共6层),简单装修,普通住宅,泰达金色领地,宝坻 钰华街,3.11E+15
2700,付3押1,2室2厅1卫,97平方米,南北,中层(共6层),简单装修,普通住宅,瑞地里小区,南开 八里台,3.11E+15
1700,付3押1,1室1厅1卫,58.6平方米,南北,高层(共6层),简单装修,普通住宅,千禧园(西区),西区,3.11E+15
1300,付3押1,1室1厅1卫,31平方米,朝南,低层(共6层),简单装修,普通住宅,建湖里,河北 建昌道街,3.11E+15
1300,付3押1,2室1厅1卫,78平方米,南北,低层(共6层),简单装修,普通住宅,广悦里,西青 杨柳青,3.11E+15
2200,付3押1,3室1厅1卫,103平方米,南北,低层(共6层),简单装修,普通住宅,水岸华庭(西青),西青,3.11E+15
2600,付3押1,2室1厅1卫,48平方米,朝东,低层(共7层),精装修,普通住宅,雅美里,南开 长虹街,3.11E+15
1300,面议,2室2厅1卫,91.3平方米,南北,低层(共6层),简单装修,普通住宅,时代花园(蓟县),蓟县,3.11E+15
3200,付3押1,2室1厅1卫,96.7平方米,南北,高层(共6层),简单装修,普通住宅,日华里,南开 华苑,3.11E+15
1200,面议,3室2厅1卫,113平方米,南北,共5层,简单装修,普通住宅,地税公寓, ,3.11E+15
2300,付1押1,2室0厅1卫,60平方米,东北,中层(共6层),简单装修,普通住宅,稚优里,南开 水上公园,3.11E+15
2200,付3押1,2室2厅1卫,99.5平方米,朝南,低层(共6层),简单装修,普通住宅,海晶南园,塘沽 西大沽街,3.11E+15
1300,付3押1,2室1厅1卫,58平方米,朝南,中层(共8层),简单装修,普通住宅,瀛台里,北辰 果园新村,3.11E+15
1400,付3押1,1室1厅1卫,40平方米,朝南,低层(共6层),简单装修,普通住宅,天琴里,河东 富民路,3.11E+15
2100,付3押1,2室1厅1卫,66.3平方米,南北,低层(共6层),简单装修,普通住宅,潞河园,红桥 丁字沽街,3.11E+15
3300,付3押1,2室1厅1卫,58.4平方米,南北,高层(共6层),精装修,普通住宅,春梅楼,河西 下瓦房,3.11E+15
1700,付3押1,2室2厅2卫,116.4平方米,南北,高层(共7层),简单装修,普通住宅,万隆桃香园,北辰 天穆,3.11E+15
2000,付3押1,2室1厅1卫,60平方米,朝北,低层(共6层),简单装修,普通住宅,华昌南里,河东 唐口,3.11E+15
833,半年付,2室1厅1卫,77平方米,朝南,中层(共6层),简单装修,普通住宅,广建里,津南 咸水沽,3.11E+15
1300,付3押1,1室1厅1卫,58.8平方米,朝南,高层(共32层),简单装修,普通住宅,惠安花园,津南 咸水沽,3.11E+15
1600,付3押1,2室1厅1卫,73平方米,南北,中层(共6层),简单装修,普通住宅,天辰公寓,北辰 北仓,3.11E+15
1100,付3押1,2室1厅1卫,52平方米,南北,共5层,简单装修,普通住宅,同盛里(西青),西青 杨柳青,3.11E+15
900,付3押1,1室1厅1卫,47平方米,朝南,共5层,简单装修,普通住宅,三春里, ,3.09E+15
4000,付3押1,1室1厅1卫,37.5平方米,西南,低层(共6层),精装修,普通住宅,泰华里,和平 体育馆,3.11E+15
2400,付3押1,2室1厅1卫,68.2平方米,南北,中层(共6层),简单装修,普通住宅,莹津里,河北 王串场街,3.11E+15
1600,付3押1,3室2厅1卫,109平方米,南北,中层(共26层),简单装修,普通住宅,融创东岸名郡,北辰 双街镇,3.09E+15
2700,付3押1,2室1厅1卫,90平方米,南北,高层(共6层),简单装修,普通住宅,凌奥花园,南开 体育中心,3.11E+15
2000,付3押1,1室1厅1卫,40平方米,朝西,高层(共7层),简单装修,普通住宅,源德里,南开 兴南街,3.11E+15
450,面议,2室2厅1卫,86平方米,朝南,高层(共21层),毛坯,普通住宅,浩润嘉苑,宝坻 潮阳街,3.11E+15
2000,付3押1,2室1厅1卫,62平方米,朝南,中层(共6层),简单装修,普通住宅,佳春里,红桥 双环街,3.11E+15
1300,付1押1,1室1厅1卫,32平方米,朝南,中层(共6层),简单装修,普通住宅,南海里,河西 柳林,3.11E+15
3800,付3押1,2室1厅1卫,53平方米,南北,中层(共6层),精装修,普通住宅,存诚里,河西 下瓦房,3.11E+15
2600,面议,2室1厅1卫,45平方米,西南,高层(共15层),简单装修,普通住宅,十四经路8号院,河东 大王庄,3.11E+15
1300,付3押1,1室1厅1卫,40平方米,朝南,高层(共6层),简单装修,普通住宅,大同门西里,红桥 西于庄街,3.11E+15
1900,付3押1,2室1厅1卫,60.8平方米,东南,高层(共6层),简单装修,普通住宅,园川里,南开 嘉陵道,3.11E+15
2000,付3押1,2室1厅1卫,70.3平方米,南北,低层(共6层),简单装修,普通住宅,晓园新村,开发区 第一大街,3.11E+15
1450,付1押1,1室1厅1卫,43.5平方米,朝南,低层(共6层),简单装修,普通住宅,盛宇里,河北 王串场街,3.11E+15
1500,付3押1,1室1厅1卫,55平方米,朝南,低层(共7层),简单装修,普通住宅,宜君里,南开 向阳路,3.10E+15
600,付1押1,1室1厅1卫,30平方米,朝南,共5层,简单装修, ,校苑小区, ,2.66E+15
1450,付3押1,1室1厅1卫,35平方米,南北,低层(共7层),简单装修,普通住宅,风光里,红桥 丁字沽街,3.11E+15
2700,付3押1,1室1厅1卫,53平方米,朝西,中层(共16层),简单装修,普通住宅,摩登天空凤仪园,南开 兴南街,3.10E+15
1200,付3押1,1室1厅1卫,58.3平方米,朝南,高层(共6层),简单装修,普通住宅,宝业馨苑,津南 咸水沽,3.11E+15
1500,付3押1,2室1厅1卫,64平方米,南北,高层(共6层),简单装修,普通住宅,津塘路187号小区,河东 二号桥,3.06E+15
1500,付3押1,1室1厅1卫,43平方米,朝东,中层(共6层),简单装修,普通住宅,益鑫里,红桥 p公庄街,3.11E+15
2200,付3押1,2室1厅2卫,88平方米,南北,高层(共6层),简单装修,普通住宅,鼎发家园,红桥 p公庄街,3.11E+15
2000,半年付,3室2厅1卫,125平方米,朝南,中层(共11层),简单装修,普通住宅,博雅花园(津南),津南,3.01E+15
3700,付3押1,2室1厅1卫,61平方米,南北,中层(共7层),精装修,普通住宅,寿安里,和平 新兴街,3.11E+15
750,付3押1,3室1厅1卫,16平方米,朝南,低层(共10层),精装修, ,碧水家园A区,西青 侯台,2.64E+15
1100,年付押1,2室1厅1卫,58平方米,南北,共4层,简单装修,普通住宅,团结里(大港),大港 海滨,3.11E+15
1200,付3押1,1室1厅1卫,56平方米,南北,高层(共6层),简单装修,普通住宅,普天东里,北辰 北仓,3.11E+15
1500,付3押1,1室1厅1卫,35平方米,朝西,高层(共8层),简单装修,普通住宅,元兴新里,河西 桃园街,3.11E+15
2300,面议,3室2厅1卫,105.3平方米,南北,低层(共8层),精装修,普通住宅,正荣府,北辰 宜兴埠,3.11E+15
1800,付3押1,1室1厅1卫,25.9平方米,朝南,高层(共6层),简单装修,普通住宅,保康里,南开 万兴街,3.11E+15
1300,付3押1,2室1厅1卫,53平方米,南北,共4层,简单装修,普通住宅,青吉里, ,3.11E+15
600,付1押1,1室0厅1卫,26平方米,朝南,共3层, , ,远景庄园(别墅),塘沽 西大沽街,2.68E+15
1000,付3押1,2室1厅1卫,80.5平方米,朝南,高层(共6层),简单装修, ,安裕新村,蓟州 文昌街,3.02E+15
2500,付3押1,2室1厅1卫,66平方米,南北,中层(共6层),简单装修,普通住宅,红山里,河西 尖山路,3.11E+15
2000,付3押1,2室1厅1卫,60平方米,南北,中层(共6层),简单装修,普通住宅,向阳楼,河东 向阳楼,3.11E+15
5200,付3押1,3室1厅1卫,91平方米,南北,中层(共6层),精装修,普通住宅,前程里(河西),河西,3.11E+15
1500,面议,3室2厅1卫,140平方米,南北,中层(共7层),简单装修,普通住宅,泰合府,武清 黄庄街,3.11E+15
2600,付3押1,2室1厅1卫,100平方米,南北,中层(共6层),简单装修,普通住宅,金厦新都静溪园,西青 李七庄,3.11E+15
1800,付3押1,3室2厅2卫,123.1平方米,朝南,中层(共27层),精装修,普通住宅,天地源津九轩,津南 咸水沽,3.11E+15
2500,面议,1室1厅1卫,47平方米,朝西,高层(共6层),简单装修,普通住宅,航天北里,南开 学府街,3.11E+15
1700,付3押1,1室1厅1卫,24.9平方米,朝南,中层(共6层),精装修,普通住宅,健强里社区,河西 越秀路,3.11E+15
2650,付3押1,2室1厅1卫,65平方米,南北,高层(共6层),简单装修,普通住宅,风湖里,南开 学府街,3.11E+15
3700,付3押1,2室1厅1卫,67平方米,南北,中层(共6层),精装修,普通住宅,服务楼,河西 友谊路,3.11E+15
3700,付3押1,2室1厅1卫,67平方米,南北,中层(共6层),精装修,普通住宅,服务楼,河西 友谊路,3.11E+15
850,付3押1,1室1厅1卫,57平方米,朝南,低层(共18层),简单装修,普通住宅,津泊湾,静海 团泊镇,3.11E+15
1500,付3押1,3室2厅2卫,105平方米,朝南,中层(共7层),简单装修,普通住宅,禹洲御湖郡,静海 团泊镇,3.11E+15
3600,付3押1,3室1厅1卫,77平方米,朝南,高层(共6层),精装修,普通住宅,十二经路4号院,河东 大王庄,3.11E+15
1782,付1押1,1室1厅1卫,41平方米,朝南,低层(共6层),简单装修,普通住宅,元贺里,河北 鸿顺里街,3.11E+15
4100,面议,2室1厅1卫,55平方米,南北,低层(共6层),精装修,普通住宅,前程里(河西),河西,3.11E+15
1700,付3押1,1室1厅1卫,43.6平方米,朝南,低层(共6层),简单装修,普通住宅,富达里,河西 天塔,3.11E+15
1300,付3押1,2室1厅1卫,67平方米,朝南,低层(共30层),简单装修,普通住宅,和睦园,塘沽 西大沽街,3.11E+15
3100,面议,2室1厅1卫,56平方米,朝南,低层(共6层),精装修,普通住宅,卫华里(和平),和平,3.11E+15
1500,付3押1,1室1厅1卫,36.1平方米,朝南,高层(共6层),简单装修,普通住宅,金昌里小区,河东 大直沽,3.09E+15
1400,付3押1,1室1厅1卫,62平方米,朝南,中层(共22层),简单装修,普通住宅,荣悦园,北辰 青光,3.11E+15
2400,付3押1,2室1厅1卫,56平方米,朝北,中层(共14层),简单装修,普通住宅,安德公寓,河西 桃园街,3.11E+15
2000,付3押1,1室1厅1卫,51.2平方米,朝西,高层(共7层),简单装修,普通住宅,文静里,河西 马场道,3.11E+15
1700,付3押1,2室1厅1卫,53.8平方米,南北,共5层,简单装修,普通住宅,拜泉里, ,3.10E+15
1390,付3押1,3室1厅1卫,89平方米,朝南,中层(共22层),简单装修,普通住宅,鸿坤原乡郡,武清 杨村街,3.11E+15
1500,付3押1,1室1厅1卫,44.2平方米,朝南,高层(共6层),简单装修,普通住宅,天琴里,河东 富民路,3.11E+15
900,付1押1,1室1厅1卫,43平方米,朝南,共5层,精装修,普通住宅,赤龙家园, ,3.11E+15
1300,付3押1,2室1厅1卫,93平方米,朝南,中层(共27层),简单装修,普通住宅,学仕府花园(滨海),滨海,3.11E+15
1700,付1押1,1室1厅1卫,35平方米,朝南,低层(共6层),简单装修,普通住宅,东海里,河西 小海地,3.11E+15
1400,付3押1,2室1厅1卫,77平方米,南北,低层(共21层),简单装修,普通住宅,仕名公寓,北辰 北仓,3.11E+15
1700,付3押1,3室1厅1卫,99平方米,南北,中层(共6层),简单装修,普通住宅,晨晖里,大港 迎宾街,3.11E+15
1350,付1押1,1室1厅1卫,37平方米,朝南,高层(共6层),简单装修,普通住宅,华江里,河西 小海地,3.11E+15
1190,付3押1,1室1厅1卫,30平方米,朝南,高层(共7层),简单装修,普通住宅,日方里,河北 鸿顺里街,3.11E+15
3000,付3押1,2室0厅1卫,65平方米,朝北,中层(共30层),简单装修,普通住宅,三义大厦小区,河西 大营门,3.11E+15
1400,付3押1,1室1厅1卫,48.7平方米,朝南,高层(共6层),精装修,普通住宅,青春南里,红桥 西沽街,3.11E+15
1500,付3押1,2室1厅1卫,57平方米,南北,高层(共6层),简单装修,普通住宅,风致里,河西 柳林,3.11E+15
1500,付3押1,2室1厅1卫,50平方米,朝南,高层(共6层),简单装修,普通住宅,昌图楼,红桥 咸阳北路街,3.11E+15
3800,付3押1,2室1厅1卫,52.3平方米,朝西,低层(共6层),精装修,普通住宅,信华里,和平 南营门,3.11E+15
1300,付3押1,1室1厅1卫,64.6平方米,朝南,中层(共16层),简单装修,普通住宅,五一阳光锦园,武清 杨村街,3.11E+15
1250,付3押1,3室1厅1卫,98平方米,朝南,低层(共18层),简单装修,普通住宅,盛泽园,北辰 青光,3.11E+15
1500,面议,1室1厅1卫,58.7平方米,朝西,高层(共7层),简单装修,普通住宅,盛源公寓,河北 宁园街,2.95E+15
1600,付3押1,1室1厅1卫,28平方米,南北,高层(共6层),简单装修,普通住宅,华莹里,河东 春华街,3.11E+15
1600,付3押1,1室1厅1卫,42平方米,南北,低层(共6层),简单装修,普通住宅,汶川里,南开 嘉陵道,3.11E+15
1400,付3押1,2室1厅1卫,90平方米,朝南,高层(共11层),简单装修,普通住宅,佳成苑,塘沽 胡家园街,3.10E+15
1800,付3押2,1室1厅1卫,22平方米,南北,共5层,精装修,普通住宅,服务楼, ,3.11E+15
1400,面议,2室2厅1卫,75平方米,朝南,中层(共16层),简单装修,普通住宅,蒲瑞祥园西区,武清 杨村街,3.07E+15
5000,付3押1,1室1厅1卫,40平方米,朝北,低层(共6层),精装修,普通住宅,明和里,河东 春华街,3.11E+15
1500,付3押1,1室1厅1卫,45平方米,南北,高层(共6层),简单装修,普通住宅,昆仑里(东丽),东丽,3.09E+15
1500,付3押1,2室1厅1卫,105平方米,朝南,高层(共6层),简单装修,普通住宅,引河北里,北辰 北仓,3.11E+15
1900,付1押1,1室1厅1卫,40平方米,朝南,低层(共6层),精装修,普通住宅,康华里,红桥 铃铛阁街,3.11E+15
1500,付3押1,1室1厅1卫,40平方米,朝南,高层(共6层),简单装修,普通住宅,前进新里,河东 向阳楼,3.11E+15
1400,付3押1,1室1厅1卫,35平方米,南北,共5层,精装修,普通住宅,双山里, ,3.11E+15
1500,付3押1,1室1厅1卫,48.3平方米,朝南,高层(共7层),简单装修,普通住宅,宜君北里,南开 向阳路,3.10E+15
1600,付3押1,2室1厅1卫,105平方米,南北,低层(共6层),简单装修,普通住宅,福苑里,大港 迎宾街,3.11E+15
3200,付3押1,3室2厅1卫,107.9平方米,南北,共5层,简单装修,普通住宅,尚丰水苑, ,3.11E+15
1000,面议,1室1厅1卫,72平方米,东西,低层(共16层),简单装修,普通住宅,碧玉家园,蓟州 文昌街,3.11E+15
4500,付3押1,2室1厅1卫,120平方米,南北,低层(共9层),简单装修,普通住宅,清新园,南开 万兴街,3.11E+15
4500,付3押1,2室1厅1卫,120平方米,南北,低层(共9层),简单装修,普通住宅,清新园,南开 万兴街,3.11E+15
1900,面议,1室1厅1卫,60平方米,东南,低层(共6层),简单装修,普通住宅,花溪苑,西青 中北,3.11E+15
1900,付3押1,2室2厅1卫,110.5平方米,南北,高层(共6层),简单装修,普通住宅,盛仓新苑炎黄园,北辰 集贤里,2.97E+15
3000,付3押1,2室1厅1卫,60平方米,朝南,高层(共7层),简单装修,普通住宅,源德里,南开 兴南街,3.11E+15
2900,面议,3室2厅2卫,140平方米,南北,中层(共7层),简单装修,普通住宅,雅居乐御宾府,津南 海河教育园区,3.11E+15
2300,付3押1,3室2厅1卫,98.7平方米,朝东,中层(共29层),精装修,普通住宅,正荣府,北辰 宜兴埠,3.07E+15
1800,付3押1,2室1厅1卫,60.2平方米,朝南,高层(共7层),简单装修,普通住宅,开云里,河北 王串场街,3.11E+15
1900,付3押1,1室1厅1卫,52平方米,朝南,高层(共6层),精装修,普通住宅,延长里,南开 向阳路,3.07E+15
1000,付3押1,2室1厅1卫,54平方米,南北,共4层,简单装修,普通住宅,双安里, ,3.11E+15
1200,面议,1室1厅1卫,40平方米,朝南,高层(共6层),简单装修,普通住宅,志成东里,河北 新开河街,3.11E+15
1500,付3押1,2室1厅1卫,60平方米,南北,共5层, , ,向阳楼, ,2.63E+15
2500,付3押1,2室1厅1卫,40平方米,朝南,低层(共6层),精装修,普通住宅,来福里文明小区,南开 八里台,3.11E+15
1500,付3押1,3室2厅2卫,109平方米,朝南,低层(共33层),简单装修,普通住宅,中海公园城尚湖苑,津南 津南八里台,3.06E+15
1900,付3押1,1室1厅1卫,61.5平方米,朝南,中层(共28层),简单装修,普通住宅,惠众家园,河西 小海地,3.11E+15
2000,付3押1,2室1厅1卫,88平方米,朝南,高层(共7层),简单装修,普通住宅,万隆桃香园,北辰 天穆,3.11E+15
1200,付3押1,1室1厅1卫,58.5平方米,朝南,低层(共29层),简单装修,普通住宅,国耀上河城,北辰 双街镇,3.11E+15
1500,付3押1,1室1厅1卫,50平方米,朝南,低层(共6层),简单装修,普通住宅,煤三宿舍,河西 梅江南,3.11E+15
1700,付3押1,1室1厅1卫,43平方米,朝南,中层(共7层),精装修,普通住宅,华光里,河东 春华街,3.11E+15
1300,付3押1,1室1厅1卫,61平方米,朝南,中层(共27层),简单装修,普通住宅,双青新家园荣康园,北辰 青光,3.11E+15
1100,付3押1,2室1厅1卫,56平方米,南北,低层(共6层),简单装修,普通住宅,建安里(滨海),滨海,3.11E+15
1600,面议,1室1厅1卫,45平方米,南北,高层(共6层),简单装修,普通住宅,易川里,南开 嘉陵道,3.11E+15
1700,付3押1,1室1厅1卫,42.7平方米,南北,中层(共11层),简单装修,普通住宅,河怡花园,红桥 咸阳北路街,3.11E+15
1600,付3押1,2室2厅1卫,83平方米,南北,共5层,简单装修,普通住宅,渤海石油蓝苑南区, ,3.11E+15
1900,付1押1,2室1厅1卫,80平方米,朝南,高层(共6层),简单装修,普通住宅,燕宇花园,西青 中北,3.11E+15
3300,付3押1,1室1厅1卫,48.8平方米,朝南,低层(共24层),精装修,普通住宅,三乐里,和平 新兴街,3.11E+15
1400,付3押1,2室1厅1卫,85平方米,朝南,高层(共27层),简单装修,普通住宅,学仕府花园(滨海),滨海,3.11E+15
1800,付3押1,1室1厅1卫,48平方米,朝南,高层(共6层),简单装修,普通住宅,川北里,南开 嘉陵道,3.11E+15
2500,付3押1,2室1厅1卫,42平方米,朝南,高层(共7层),简单装修,普通住宅,照湖里,南开 学府街,3.11E+15
900,付3押1,1室1厅1卫,39.8平方米,朝南,高层(共6层),精装修,普通住宅,讷河里,北辰 集贤里,3.11E+15
1800,付3押1,2室2厅1卫,96平方米,南北,共5层,简单装修,普通住宅,紫罗园, ,3.11E+15
800,付3押1,2室2厅1卫,89.9平方米,朝南,低层(共18层),简单装修,普通住宅,锦绣香江棕榈园,宝坻 大白街,3.11E+15
1500,付3押1,1室1厅1卫,42.5平方米,朝南,高层(共6层),精装修,普通住宅,佳春里,红桥 双环街,3.11E+15
1200,付3押1,2室1厅1卫,78平方米,南北,共5层,简单装修,普通住宅,人祥南里, ,3.11E+15
2300,付3押1,1室1厅1卫,34.9平方米,朝东,低层(共7层),精装修,普通住宅,宝德里,河西 大营门,3.11E+15
950,付1押1,1室1厅1卫,43平方米,朝南,低层(共6层),精装修,普通住宅,赤龙家园,西青 大寺,3.11E+15
1650,付3押1,1室1厅1卫,52平方米,朝南,中层(共46层),简单装修,普通住宅,滨海华贸中心,塘沽 大沽街,3.11E+15
2500,面议,2室1厅1卫,72平方米,南北,中层(共6层),简单装修,普通住宅,龙禧园,红桥 西沽街,3.11E+15
1000,年付押1,1室1厅1卫,67平方米,南北,中层(共28层),简单装修,普通住宅,友和里,东丽 大毕庄镇,3.11E+15
850,付3押1,1室1厅1卫,49平方米,朝南,中层(共18层),简单装修,普通住宅,津泊湾,静海 团泊镇,3.03E+15
2700,付3押1,3室2厅1卫,98.7平方米,朝东,中层(共29层),精装修,普通住宅,正荣府,北辰 宜兴埠,3.10E+15
1200,付3押1,2室1厅1卫,56平方米,南北,共4层,简单装修,普通住宅,六合里(滨海),大港 迎新街,3.11E+15
1700,付3押1,2室1厅1卫,66.4平方米,朝南,中层(共32层),简单装修,普通住宅,和盛苑,塘沽 渤海石油街,3.11E+15
1000,付3押1,1室1厅1卫,50.9平方米,朝南,高层(共6层),简单装修,普通住宅,城际美景,北辰 双街镇,3.09E+15
2500,付3押1,1室1厅1卫,35平方米,朝西,中层(共6层),精装修,普通住宅,兴河里小区,和平 新兴街,3.11E+15
1200,付3押1,2室1厅1卫,56平方米,南北,共4层,简单装修,普通住宅,前光里, ,3.11E+15
2400,付3押1,2室1厅1卫,56平方米,南北,共5层,精装修,普通住宅,十五经路6号院, ,3.11E+15
1000,半年付,2室1厅1卫,55平方米,南北,共4层,简单装修,普通住宅,新兴西里(滨海),大港 大港周边,3.11E+15
1000,半年付押1,2室1厅1卫,106平方米,南北,低层(共17层),简单装修,普通住宅,钰鑫园,宝坻 海滨街,3.11E+15
1700,付3押1,1室1厅1卫,79.5平方米,南北,低层(共11层),毛坯,普通住宅,恒大悦湖公馆,塘沽 滨海高新区,3.11E+15
1850,付3押1,3室2厅1卫,116平方米,朝南,高层(共17层),简单装修, ,津南新城合力园,津南 咸水沽,3.01E+15
4550,付1押1,2室1厅1卫,106平方米,朝南,低层(共22层),简单装修,普通住宅,远洋新天地家园,河东 春华街,3.11E+15
2200,付3押1,3室1厅1卫,119.7平方米,南北,中层(共6层),毛坯,普通住宅,宏愿花园,塘沽 渤海石油街,3.11E+15
2000,付3押1,3室2厅1卫,109.4平方米,南北,低层(共18层),简单装修,普通住宅,都旺新城竹芳园,北辰 果园新村,3.11E+15
1800,付3押1,1室1厅1卫,27.4平方米,南北,高层(共6层),精装修,普通住宅,十三经路18号院,河东 大王庄,3.11E+15
2200,付3押1,1室1厅1卫,55.7平方米,朝南,高层(共13层),简单装修,普通住宅,龙德里,南开 万兴街,3.11E+15
2400,付3押1,2室1厅1卫,80.1平方米,南北,高层(共8层),精装修,普通住宅,金地艺城华府北润华庭,北辰 宜兴埠,3.05E+15
1100,付3押1,1室1厅1卫,54平方米,南北,共5层,简单装修,普通住宅,宝庆里, ,3.11E+15
1500,半年付押1,2室1厅1卫,92平方米,南北,低层(共11层),简单装修,普通住宅,鑫旺里,津南 辛庄,3.11E+15
2800,付3押1,2室1厅1卫,56平方米,南北,高层(共6层),精装修,普通住宅,澧新里,河西 尖山路,3.11E+15
2500,面议,2室1厅1卫,40平方米,南北,共5层,精装修,普通住宅,德元里, ,3.11E+15
1455,付3押1,1室1厅1卫,37平方米,南北,共5层,精装修,普通住宅,八段大楼, ,3.11E+15
1500,付3押1,2室1厅1卫,61平方米,南北,高层(共6层),简单装修,普通住宅,桃花园南里,红桥 丁字沽街,3.11E+15
1100,付3押1,2室1厅1卫,60平方米,东西,共5层,简单装修,普通住宅,高峰里, ,3.11E+15
2300,面议,2室1厅1卫,62.8平方米,朝南,共4层,精装修,普通住宅,凌研里, ,3.11E+15
2400,面议,1室1厅1卫,44.9平方米,朝南,中层(共7层),精装修,普通住宅,振河里,和平 新兴街,3.11E+15
3300,付3押1,2室2厅1卫,76.2平方米,南北,高层(共6层),精装修,普通住宅,凯立天香家园,南开 广开街,3.11E+15
1500,付3押1,1室1厅1卫,49平方米,朝南,低层(共6层),简单装修,普通住宅,小镇西西里瑞安里,西青 精武,3.11E+15
3600,付3押1,1室1厅1卫,50.1平方米,朝北,低层(共30层),精装修,普通住宅,明筑轩,和平 南市,3.11E+15
1800,付3押1,2室1厅1卫,109平方米,南北,中层(共6层),简单装修,普通住宅,都旺新城兰芳园,北辰 果园新村,3.11E+15
2500,付1押1,2室1厅1卫,64平方米,西北,高层(共6层),精装修,普通住宅,春华里(河东),河东,3.11E+15
1100,付3押1,1室1厅1卫,43.7平方米,东北,中层(共18层),简单装修,普通住宅,双街新家园,北辰 双街镇,3.08E+15
2100,付3押1,1室1厅1卫,61平方米,南北,高层(共6层),精装修,普通住宅,礼貌楼,红桥 西于庄街,3.11E+15
1800,付3押1,1室1厅1卫,30.2平方米,朝南,中层(共7层),精装修,普通住宅,级升里,南开 广开街,3.11E+15
1500,付3押1,2室1厅1卫,60平方米,南北,高层(共6层),简单装修,普通住宅,建安里(滨海),滨海,3.11E+15
1300,付3押1,2室1厅1卫,57平方米,南北,共4层,精装修,普通住宅,团结楼, ,3.11E+15
2700,付3押1,3室1厅1卫,105平方米,东南,高层(共13层),精装修,普通住宅,兰雅苑,东丽 新立镇,3.11E+15
1900,付3押1,2室1厅1卫,92平方米,朝南,高层(共28层),简单装修,普通住宅,悦海园,塘沽 解放路街,3.11E+15
1300,面议,2室2厅1卫,80平方米,南北,低层(共18层),简单装修,普通住宅,腾悦馨园,宝坻 宝平街,3.11E+15
3500,付3押1,2室1厅1卫,88平方米,南北,低层(共32层),简单装修,普通住宅,东北角艺术公寓,南开 鼓楼,3.11E+15
1300,付3押1,3室2厅1卫,107平方米,南北,高层(共26层),简单装修,普通住宅,富力新城观澜南苑,静海 团泊镇,3.11E+15
1200,付3押1,1室1厅1卫,37平方米,朝南,中层(共6层),简单装修,普通住宅,西邻村小区,塘沽 向阳街,3.11E+15
2500,付3押1,1室1厅1卫,40.6平方米,朝南,中层(共6层),精装修,普通住宅,大生里,和平 南营门,3.11E+15
1200,面议,2室1厅1卫,92平方米,朝南,高层(共6层),简单装修,普通住宅,平安里(武清),武清,3.11E+15
1800,付3押1,3室2厅1卫,97平方米,南北,中层(共28层),简单装修,普通住宅,鸿坤理想城澜境东苑,静海 团泊镇,3.11E+15
1800,付3押1,1室1厅1卫,34平方米,朝南,高层(共6层),精装修,普通住宅,久仰里(河西),河西,3.11E+15
2300,付3押1,2室2厅1卫,86平方米,朝南,低层(共32层),简单装修,普通住宅,华润中央公园香薇邸,津南 双港,3.08E+15
1200,付3押1,1室1厅1卫,39平方米,南北,共5层,简单装修,普通住宅,湘江里, ,3.11E+15
950,半年付,1室1厅1卫,45平方米,南北,高层(共6层),精装修,普通住宅,红云新里,北辰 集贤里,3.10E+15
2800,付3押1,2室1厅1卫,75.4平方米,朝东,高层(共7层),精装修,普通住宅,昆宏里,河北 望海楼街,3.11E+15
1500,付3押1,1室1厅1卫,50平方米,南北,中层(共7层),简单装修,普通住宅,民泰里,塘沽 解放路街,3.11E+15
1800,面议,2室1厅1卫,60平方米,朝南,中层(共12层),简单装修,普通住宅,水溪苑,西青 中北,3.11E+15
1700,付3押1,1室1厅1卫,28平方米,朝南,中层(共6层),精装修,普通住宅,雅安东里,南开 嘉陵道,3.11E+15
2000,付3押1,2室1厅1卫,90.9平方米,南北,中层(共33层),简单装修,普通住宅,四季风情,塘沽 新河街,3.11E+15
1200,付3押1,1室1厅1卫,25.2平方米,朝南,中层(共17层),简单装修,普通住宅,城市之星大厦,河东 春华街,3.11E+15
2700,付3押1,3室2厅1卫,95平方米,南北,高层(共18层),精装修,普通住宅,宸宜花园,北辰 普东街,3.11E+15
1300,付1押1,1室1厅1卫,35平方米,朝南,低层(共6层),简单装修,普通住宅,东海里,河西 小海地,3.11E+15
3100,付3押1,2室1厅1卫,77.5平方米,南北,高层(共18层),简单装修,普通住宅,水郡花园,南开 长虹街,3.11E+15
2200,付3押1,2室1厅1卫,90平方米,南北,共5层,简单装修,普通住宅,智达里, ,3.11E+15
3000,付3押1,2室1厅1卫,60平方米,南北,高层(共6层),精装修,普通住宅,浦口西里,河西 桃园街,3.11E+15
2600,付3押1,1室1厅1卫,60.5平方米,朝东,低层(共50层),精装修,普通住宅,诚基中心国际公寓,和平 体育馆,3.11E+15
2400,付3押1,2室2厅1卫,94平方米,南北,低层(共10层),简单装修,普通住宅,荷塘悦色,西青 杨柳青,3.11E+15
2200,付3押1,2室1厅1卫,101.1平方米,南北,低层(共6层),简单装修,普通住宅,景欣苑,东丽 津塘路,3.11E+15
1800,付3押1,1室1厅1卫,38平方米,朝北,中层(共13层),简单装修,普通住宅,卫安南里,南开 广开街,3.08E+15
2500,付3押1,2室2厅3卫,108平方米,南北,共3层,简单装修,普通住宅,伍e岛橡树岛, ,3.11E+15
1200,面议,2室2厅1卫,100平方米,南北,中层(共6层),精装修,普通住宅,御和新苑,津南 北闸口,3.11E+15
2300,付3押1,2室1厅1卫,107平方米,南北,高层(共17层),简单装修,普通住宅,福汇园,大港 世纪大道,3.11E+15
1900,付3押1,1室1厅1卫,36.6平方米,朝南,中层(共7层),精装修,普通住宅,白云里,河西 越秀路,3.11E+15
2200,面议,2室2厅1卫,90平方米,朝南,低层(共33层),简单装修,普通住宅,津南新城合雅园,津南 咸水沽,3.11E+15
1200,付3押1,2室1厅1卫,83.8平方米,朝南,高层(共6层),精装修,普通住宅,红霞里(津南),津南,3.11E+15
2100,付3押1,3室2厅2卫,125平方米,南北,中层(共6层),简单装修,普通住宅,莱茵小镇美林苑,西青 杨柳青,3.11E+15
1600,付3押1,1室1厅1卫,40平方米,朝南,中层(共6层),精装修,普通住宅,风采南里,红桥 丁字沽街,3.11E+15
1400,付3押1,1室1厅1卫,24.7平方米,朝南,低层(共6层),精装修,普通住宅,桂江里(河西),河西,3.11E+15
1100,面议,2室1厅1卫,65平方米,朝南,高层(共28层),简单装修,普通住宅,美域新城,蓟州 渔阳镇,3.11E+15
1400,付3押1,1室1厅1卫,59.3平方米,朝南,高层(共28层),毛坯,普通住宅,增兴家园,东丽 万新街,3.11E+15
1100,面议,2室2厅1卫,95平方米,朝南,低层(共17层),简单装修,普通住宅,潮阳花园,宝坻 钰华街,3.11E+15
1200,付3押1,2室2厅1卫,82平方米,朝南,高层(共26层),简单装修,普通住宅,欣华苑,塘沽 北塘街,3.11E+15
2500,年付,2室2厅1卫,96平方米,朝南,低层(共27层),简单装修,普通住宅,保利海棠湾,武清 杨村街,3.11E+15
2400,付3押1,2室1厅1卫,80.4平方米,南北,低层(共30层),简单装修,普通住宅,和苑梦和园,红桥 西营门街,3.11E+15
1300,面议,2室1厅1卫,65平方米,南北,共5层,简单装修,普通住宅,新兴西里(滨海),大港 大港周边,3.11E+15
2600,付3押1,3室2厅1卫,114.8平方米,南北,高层(共6层),精装修,普通住宅,景欣苑,东丽 津塘路,3.11E+15
1200,付3押1,2室1厅1卫,84平方米,朝南,低层(共24层),简单装修,普通住宅,欣华苑,塘沽 北塘街,3.11E+15
2000,付3押1,1室1厅1卫,34.3平方米,朝南,低层(共7层),精装修,普通住宅,雅云里,南开 长虹街,3.09E+15
1700,付3押1,1室1厅1卫,47平方米,朝北,中层(共28层),简单装修, ,北宁湾宁宇家园(商住楼),商住楼,3.11E+15
1700,付3押1,1室1厅1卫,47平方米,朝北,低层(共33层),简单装修, ,北宁湾宁宇家园(商住楼),商住楼,3.11E+15
3450,付3押1,2室1厅1卫,109平方米,南北,中层(共6层),精装修,普通住宅,雅兰园,河东 上杭路,3.11E+15
2000,面议,2室1厅1卫,90平方米,南北,低层(共28层),精装修,其他,富力桃园天富园,津南 双港,3.11E+15
1300,付3押1,1室1厅1卫,60平方米,朝南,高层(共23层),简单装修,普通住宅,荣业园,北辰 青光,3.11E+15
1500,半年付,2室1厅1卫,83平方米,南北,高层(共18层),简单装修,普通住宅,香江广场,武清 杨村街,3.11E+15
2000,付3押1,1室1厅1卫,67平方米,朝南,中层(共9层),简单装修,普通住宅,慧景园,河北 新开河街,3.11E+15
1800,付3押1,2室2厅1卫,93平方米,南北,中层(共11层),简单装修,普通住宅,莱茵小镇美林苑,西青 杨柳青,3.06E+15
3200,付3押1,1室0厅1卫,58.9平方米,朝南,中层(共30层),精装修,普通住宅,新文化花园新景居,和平 南市,3.11E+15
5000,付3押1,3室1厅1卫,96平方米,朝南,中层(共30层),精装修,普通住宅,新文化花园新景居,和平 南市,3.11E+15
2200,付3押1,2室1厅1卫,98平方米,南北,高层(共7层),精装修,普通住宅,玉容花园,河北 王串场街,3.11E+15
1000,年付,1室1厅1卫,63平方米,朝南,低层(共25层),简单装修,普通住宅,碧玉家园,蓟州 文昌街,3.11E+15
1100,半年付,1室1厅1卫,50平方米,南北,中层(共6层),简单装修,普通住宅,育才里(津南),津南,3.07E+15
3800,付3押1,2室1厅1卫,99.7平方米,朝南,中层(共14层),精装修,普通住宅,金云里小区,南开 天拖南,3.11E+15
3700,付3押1,2室1厅1卫,57.9平方米,朝南,高层(共7层),精装修,普通住宅,敬重里,河西 下瓦房,3.11E+15
1350,付3押1,2室1厅1卫,64.4平方米,朝南,高层(共24层),简单装修,普通住宅,沽上江南,津南 咸水沽,3.11E+15
1300,付3押1,1室1厅1卫,30.1平方米,朝南,低层(共6层),精装修,普通住宅,泗阳里,河北 建昌道街,3.11E+15
5500,付3押1,3室1厅1卫,109平方米,南北,低层(共17层),精装修,普通住宅,南开1911,南开 嘉陵道,3.10E+15
4000,付3押1,4室2厅2卫,173.8平方米,南北,中层(共28层),精装修,普通住宅,富力桃园天富园,津南 双港,3.11E+15
4500,付3押1,4室2厅2卫,173平方米,南北,中层(共28层),精装修,普通住宅,富力桃园天富园,津南 双港,3.06E+15
3000,付3押1,2室1厅1卫,55.3平方米,西北,高层(共20层),精装修,公寓,红星国际星品大厦,河东 上杭路,3.11E+15
800,半年付,3室1厅1卫,89平方米,南北,高层(共17层),精装修,普通住宅,紫溪花园,宝坻 潮阳街,3.11E+15
3000,付3押1,1室1厅1卫,72平方米,南北,高层(共24层),精装修,普通住宅,丰盛园,河东 大王庄,3.11E+15
3600,付3押1,2室1厅1卫,97平方米,东南,高层(共33层),简单装修,普通住宅,北宁湾宁宇家园,河北 铁东路街,3.03E+15
5800,付3押1,2室1厅1卫,66平方米,西南,高层(共31层),精装修,普通住宅,宜天花园(和平时光),和平时光,3.10E+15
1900,付1押1,1室1厅1卫,33平方米,朝南,高层(共6层),精装修,普通住宅,盈江里,南开 天拖南,3.11E+15
2300,付3押1,2室1厅1卫,78平方米,朝南,中层(共6层),简单装修,普通住宅,商检公寓,开发区 第三大街,3.11E+15
1400,付3押1,1室1厅1卫,33.5平方米,朝西,高层(共6层),精装修,普通住宅,福山里,东丽 津塘路,3.11E+15
3600,付3押1,2室1厅1卫,58平方米,南北,低层(共7层),精装修,普通住宅,广田里,河西 大营门,3.11E+15
3500,付3押1,3室1厅1卫,96平方米,南北,低层(共7层),精装修,普通住宅,融秋园,东丽 张贵庄街,3.11E+15
1250,年付押1,1室1厅1卫,69平方米,南北,高层(共6层),精装修,普通住宅,金钟新城,东丽 大毕庄镇,3.11E+15
1200,付3押1,2室1厅1卫,83平方米,朝南,高层(共22层),简单装修,普通住宅,新旭园,津南 咸水沽,3.11E+15
1200,付3押1,2室1厅1卫,83平方米,朝南,高层(共22层),简单装修,普通住宅,新旭园,津南 咸水沽,3.11E+15
1000,付3押1,1室1厅1卫,40平方米,南北,共5层,精装修,普通住宅,宜白楼, ,3.11E+15
3000,付3押1,2室1厅1卫,67平方米,朝南,中层(共6层),精装修,普通住宅,明园里,南开 王顶堤,3.11E+15
1800,面议,2室2厅1卫,95平方米,朝南,高层(共16层),简单装修,普通住宅,祥福园二期,武清 杨村街,3.11E+15
3400,付3押1,2室1厅1卫,51平方米,南北,中层(共6层),精装修,普通住宅,宾水东里,河西 天塔,3.11E+15
2800,付3押1,2室1厅1卫,86平方米,朝南,中层(共14层),简单装修,普通住宅,万科新里程花园,东丽 空港经济区,3.11E+15
2050,付3押1,1室1厅1卫,41平方米,朝东,高层(共7层),精装修,普通住宅,红和里,南开 广开街,3.11E+15
1500,付3押1,1室1厅1卫,59.3平方米,南北,低层(共24层),简单装修,普通住宅,天穆东苑,北辰 天穆,3.03E+15
1800,半年付,2室2厅1卫,80平方米,南北,中层(共17层),简单装修,普通住宅,同泽园(武清),武清,3.11E+15
2500,付3押1,1室1厅1卫,37.7平方米,朝东,高层(共16层),精装修,普通住宅,摩登天空凤仪园,南开 兴南街,3.11E+15
2300,付3押1,1室1厅1卫,42平方米,东西,中层(共6层),精装修,普通住宅,南门外大街小区,和平 劝业场,3.11E+15
1100,面议,2室1厅1卫,60.4平方米,东西,中层(共26层),简单装修,普通住宅,美域新城,蓟州 渔阳镇,3.11E+15
900,半年付,2室1厅1卫,86平方米,南北,中层(共6层),精装修,普通住宅,国际城百合花苑,武清 河西务镇,3.11E+15
1200,付3押1,1室1厅1卫,33.6平方米,朝南,共4层,精装修,普通住宅,顺纺里, ,3.11E+15
1800,付3押1,2室1厅1卫,80平方米,南北,中层(共6层),精装修,普通住宅,普达里,北辰 普东街,3.11E+15
1000,年付,3室1厅1卫,114平方米,南北,低层(共6层),精装修,普通住宅,岳园小区,宝坻 宝平街,3.11E+15
2500,付3押1,2室1厅1卫,48.7平方米,西北,共5层,精装修,普通住宅,复康里, ,3.11E+15
1700,付3押1,2室1厅1卫,96平方米,南北,高层(共26层),简单装修,普通住宅,柴楼庄园,北辰 双街镇,3.11E+15
2400,付3押1,1室1厅1卫,41平方米,朝南,中层(共7层),精装修,普通住宅,卫安中里,南开 广开街,3.11E+15
1700,付3押1,1室1厅1卫,34平方米,朝南,低层(共6层),精装修,普通住宅,子牙南里,红桥 西于庄街,3.11E+15
1500,面议,2室2厅1卫,88平方米,朝南,中层(共16层),简单装修,普通住宅,泽信金汇湾儒香园,武清 杨村街,3.11E+15
2899,面议,2室1厅1卫,60平方米,南北,中层(共6层),精装修,普通住宅,荣迁东里,南开 学府街,3.11E+15
1400,面议,2室2厅1卫,93平方米,朝南,高层(共6层),精装修,普通住宅,城锦园,武清 城关镇,3.11E+15
2200,付3押1,2室1厅1卫,38平方米,朝东,中层(共6层),精装修,普通住宅,留园里(南开),南开,3.11E+15
1800,付3押1,2室2厅1卫,91平方米,南北,共5层,简单装修,普通住宅,华侨城汇涛苑, ,3.11E+15
2100,付3押1,2室1厅1卫,80平方米,东南,高层(共7层),精装修,普通住宅,随园公寓,河北 宁园街,3.11E+15
2300,付3押1,1室1厅1卫,34平方米,朝南,高层(共7层),精装修,普通住宅,宝德里,河西 大营门,3.11E+15
1350,付3押1,1室1厅1卫,60.6平方米,南北,高层(共6层),精装修,普通住宅,碧春园,红桥 双环街,3.11E+15
1700,付3押1,1室1厅1卫,40平方米,朝南,中层(共6层),精装修,普通住宅,华泰里,河东 春华街,3.11E+15
3500,付3押1,2室1厅1卫,23平方米,朝南,共5层,精装修,普通住宅,乐民里, ,3.11E+15
1300,付3押1,1室1厅1卫,60平方米,朝南,高层(共18层),简单装修,普通住宅,荣雅园,北辰 青光,3.11E+15
2800,付3押1,2室1厅1卫,50.1平方米,南北,低层(共6层),精装修,普通住宅,程林里,河东 上杭路,3.11E+15
1700,付3押1,2室1厅1卫,65平方米,南北,高层(共6层),简单装修,普通住宅,胜阳里,塘沽 新港街,3.11E+15
1300,付3押1,2室2厅1卫,106.4平方米,南北,高层(共6层),简单装修,普通住宅,航瑞雅庭,东丽 东丽湖,3.11E+15
2000,付3押1,2室1厅1卫,60平方米,东北,共5层,精装修,普通住宅,双山里, ,3.11E+15
7500,付3押1,4室2厅2卫,247平方米,南北,共4层,精装修,普通住宅,万联别墅小区(住宅),开发区 第二大街,3.11E+15
1200,半年付,2室1厅1卫,52平方米,朝南,共3层,简单装修,普通住宅,晨光楼(宁河),宁河 芦台镇,3.11E+15
1600,付3押1,1室1厅1卫,46.4平方米,朝南,高层(共30层),简单装修,普通住宅,东惠家园,河东 常州道,3.11E+15
1300,付3押1,2室1厅1卫,75平方米,朝南,共5层,精装修,普通住宅,菁华, ,3.11E+15
5800,付3押1,2室1厅1卫,91.3平方米,南北,高层(共24层),精装修,普通住宅,天霖园,南开 鼓楼,3.11E+15
4000,付3押1,2室1厅1卫,54.2平方米,南北,低层(共6层),精装修,普通住宅,前程里(河西),河西,3.11E+15
1500,付3押1,2室2厅1卫,85平方米,南北,低层(共7层),精装修,普通住宅,碧桂园丽泽府,静海 团泊镇,3.11E+15
2400,付3押1,1室1厅1卫,46.9平方米,朝南,中层(共6层),精装修,普通住宅,谊城公寓,河西 友谊路,3.11E+15
2400,付3押1,2室1厅1卫,85平方米,朝南,低层(共22层),精装修,普通住宅,金地艺华年盈翠名苑,津南 双港,3.11E+15
2300,付3押1,2室1厅1卫,85平方米,南北,中层(共25层),简单装修,普通住宅,紫云华庭,塘沽 新港街,3.11E+15
17000,面议,3室2厅2卫,162.4平方米,南北,低层(共32层),精装修,普通住宅,府上和平,和平 体育馆,3.11E+15
3500,面议,2室1厅1卫,50平方米,南北,中层(共7层),精装修,普通住宅,爱国北里,河西 越秀路,3.11E+15
3000,面议,2室1厅1卫,88平方米,南北,低层(共52层),精装修,普通住宅,卓越浅水湾,河东 大王庄,3.11E+15
1700,付3押1,1室1厅1卫,59.6平方米,南北,高层(共15层),简单装修,普通住宅,中环福境,河北 铁东路街,3.05E+15
1200,付3押1,2室1厅1卫,50平方米,朝南,低层(共18层),简单装修,普通住宅,辰庆家园,北辰 北仓,3.03E+15
3000,付3押1,3室2厅2卫,106平方米,南北,低层(共18层),精装修,普通住宅,融科贻锦台,塘沽 工农村街,3.11E+15
1100,付3押1,2室2厅1卫,90平方米,朝南,高层(共23层),精装修,普通住宅,奥体公元101,静海 团泊镇,3.11E+15
1800,付3押1,1室1厅1卫,39.7平方米,朝南,高层(共7层),精装修,普通住宅,日光里,河北 鸿顺里街,3.11E+15
999,年付,1室1厅1卫,40平方米,南北,低层(共27层),精装修, ,东方尚都,宁河 芦台镇,2.81E+15
1500,付3押1,2室1厅1卫,90平方米,南北,中层(共6层),简单装修,普通住宅,顺和北里,北辰 果园新村,3.11E+15
3200,面议,1室1厅1卫,73平方米,东南,高层(共26层),豪华装修,普通住宅,奥林匹克村,南开 体育中心,3.11E+15
1850,付3押1,2室1厅1卫,62平方米,南北,低层(共6层),精装修,普通住宅,梨秀园,西青 新梅江南,3.11E+15
1500,面议,2室1厅1卫,87平方米,南北,中层(共32层),简单装修,普通住宅,津南新城合安园,津南 咸水沽,3.11E+15
2400,付3押1,2室2厅1卫,78平方米,南北,高层(共28层),精装修,普通住宅,香雪苑,津南 双港,3.11E+15
1800,付3押1,1室1厅1卫,38.3平方米,南北,中层(共19层),精装修, ,新津国际,西青 中北,3.11E+15
1200,半年付,2室1厅1卫,97平方米,南北,低层(共7层),简单装修,普通住宅,泉上文华,武清 黄庄街,3.11E+15
3600,付3押1,3室2厅2卫,113.5平方米,南北,高层(共32层),精装修,普通住宅,万科海港城(一二期),一二期,3.11E+15
1699,付1押1,1室1厅1卫,42平方米,南北,中层(共7层),精装修,普通住宅,凤园里,南开 王顶堤,3.11E+15
1500,付3押1,2室1厅1卫,54.5平方米,南北,共5层,精装修,普通住宅,天辰公寓, ,3.09E+15
2200,付3押1,2室1厅1卫,79.9平方米,南北,高层(共6层),精装修,普通住宅,佳园东里(东区),东区,3.11E+15
1450,付3押1,1室1厅1卫,73平方米,朝南,低层(共24层),精装修,普通住宅,欣桃园,津南 双港,3.11E+15
1500,付3押1,2室1厅1卫,90平方米,朝南,高层(共34层),简单装修,普通住宅,远洋城滨雅花园,塘沽 胡家园街,3.11E+15
2999,面议,2室1厅1卫,80平方米,南北,中层(共24层),精装修,普通住宅,风湖里,南开 学府街,3.11E+15
2500,半年付押1,3室2厅1卫,118平方米,南北,中层(共29层),精装修,普通住宅,恒大御景湾,北辰 宜兴埠,3.05E+15
1200,付3押1,2室1厅1卫,80.6平方米,朝南,中层(共24层),精装修,普通住宅,星福庭苑,北辰 双街镇,3.11E+15
1600,付3押1,1室1厅1卫,50平方米,南北,低层(共6层),精装修,普通住宅,子牙里,红桥 西于庄街,3.11E+15
1600,付3押1,1室1厅1卫,44.2平方米,朝北,中层(共20层),精装修,普通住宅,都汇杰座,北辰 北仓,3.11E+15
2200,付3押1,2室1厅1卫,115平方米,南北,高层(共6层),精装修,普通住宅,胜景花园,河北 新开河街,3.07E+15
2100,付3押1,1室1厅1卫,45平方米,南北,低层(共31层),精装修,普通住宅,中海御湖翰苑(商住楼),商住楼,3.11E+15
2300,付1押1,1室1厅1卫,45平方米,朝南,中层(共6层),豪华装修,普通住宅,宾水南里,河西 天塔,3.11E+15
2300,付3押1,2室1厅1卫,39.8平方米,南北,低层(共7层),精装修,普通住宅,文苑楼,河西 友谊路,3.00E+15
1100,付3押1,1室1厅1卫,37.3平方米,朝南,低层(共28层),精装修,普通住宅,辰庆家园,北辰 北仓,3.11E+15
1500,面议,2室1厅1卫,90平方米,南北,高层(共34层),简单装修,普通住宅,津南新城合茂园,津南 咸水沽,3.11E+15
4100,付3押1,2室1厅1卫,90平方米,朝东,中层(共23层),精装修,普通住宅,铜锣湾花园,南开 鼓楼,3.11E+15
2500,付3押1,2室2厅1卫,90平方米,朝南,高层(共14层),精装修,普通住宅,远洋新干线,东丽 空港经济区,3.11E+15
1800,付3押1,1室1厅1卫,40平方米,朝南,高层(共7层),精装修,普通住宅,瑞德里,南开 广开街,3.05E+15
1800,付3押1,1室1厅1卫,59平方米,南北,高层(共11层),精装修,普通住宅,宝翠花都探景园,北辰 瑞景街,3.11E+15
2900,付3押1,2室2厅1卫,78.3平方米,东西,高层(共6层),精装修,普通住宅,飞云里,南开 万兴街,3.11E+15
2400,付3押1,1室1厅1卫,70平方米,南北,高层(共41层),精装修,普通住宅,君临大厦,河北 光复道街,3.11E+15
1500,面议,2室1厅1卫,80平方米,南北,高层(共25层),简单装修,普通住宅,鑫洋园,津南 咸水沽,3.11E+15
3500,付3押1,3室1厅2卫,102.8平方米,朝南,高层(共6层),精装修,普通住宅,水木天成阁林园,红桥 西沽街,3.07E+15
1600,付3押1,1室1厅1卫,53.9平方米,西北,低层(共6层),精装修,普通住宅,桂江里(河西),河西,3.11E+15
1300,面议,2室1厅1卫,75平方米,南北,高层(共15层),精装修,普通住宅,泉N佳苑中区,武清 黄庄街,3.11E+15
1400,付3押1,1室1厅1卫,50平方米,南北,中层(共6层),精装修,普通住宅,翠涛东里,北辰 宜兴埠,3.11E+15
2700,付3押1,2室1厅1卫,98平方米,南北,中层(共6层),精装修,普通住宅,中盈小区,开发区 第三大街,3.11E+15
2000,付3押1,2室1厅1卫,90平方米,南北,低层(共20层),简单装修,普通住宅,新城福津园,大港 世纪大道,3.11E+15
1200,面议,1室1厅1卫,61平方米,南北,高层(共19层),精装修,普通住宅,丽泽花园(武清),武清,3.11E+15
3000,付3押1,2室1厅1卫,76.5平方米,南北,高层(共6层),精装修,普通住宅,水西园,红桥 芥园街,3.04E+15
4500,付1押1,2室1厅1卫,99平方米,朝南,低层(共17层),精装修,普通住宅,新安花园,南开 鼓楼,3.11E+15
1700,付3押1,3室1厅1卫,94平方米,朝南,中层(共30层),简单装修,普通住宅,盛泽园,北辰 青光,3.11E+15
2500,付3押1,3室2厅1卫,106平方米,南北,高层(共7层),豪华装修,普通住宅,路劲赞成,津南 海河教育园区,3.11E+15
2600,付3押1,2室1厅1卫,59平方米,南北,高层(共6层),精装修,普通住宅,新庆里,南开 广开街,3.11E+15
1600,半年付押1,2室2厅1卫,73平方米,朝南,中层(共28层),精装修,普通住宅,保利上河雅颂(南区),南区,3.11E+15
1500,付3押1,2室2厅1卫,90平方米,朝南,高层(共21层),简单装修,普通住宅,水岸花园,塘沽 北塘街,3.11E+15
2200,付3押1,1室1厅1卫,53平方米,朝南,中层(共28层),精装修,普通住宅,兰江新苑,河西 小海地,3.11E+15
1500,付3押1,2室1厅1卫,75平方米,朝南,低层(共22层),精装修,普通住宅,金益园,津南 咸水沽,3.11E+15
1500,付3押1,2室2厅1卫,90平方米,朝南,高层(共21层),简单装修,普通住宅,水岸花园,塘沽 北塘街,3.11E+15
1500,面议,2室2厅1卫,102平方米,南北,中层(共25层),精装修,普通住宅,天锦园,宝坻 海滨街,3.11E+15
5600,付3押1,2室1厅1卫,180.8平方米,朝北,中层(共27层),简单装修,普通住宅,金海岸公寓,河北 望海楼街,3.11E+15
2500,付3押1,3室1厅1卫,99平方米,南北,高层(共11层),精装修,普通住宅,文德花园,津南 海河教育园区,3.11E+15
1500,面议,2室1厅1卫,82平方米,南北,中层(共28层),简单装修,普通住宅,津南新城合雅园,津南 咸水沽,3.11E+15
2500,付3押1,3室2厅2卫,131.7平方米,南北,中层(共6层),精装修,普通住宅,逸园,东丽 华明镇,3.11E+15
1500,付3押1,2室1厅1卫,81.4平方米,南北,高层(共21层),简单装修,普通住宅,舒畅嘉园,东丽 地毯路,3.11E+15
1700,付3押1,2室1厅1卫,65平方米,南北,中层(共7层),精装修,普通住宅,新华里(滨海),滨海,3.11E+15
2600,付3押1,2室1厅1卫,51平方米,朝南,高层(共7层),精装修,普通住宅,利合里,河西 下瓦房,3.11E+15
3300,付3押1,1室1厅1卫,57平方米,朝南,中层(共28层),精装修,公寓,新汇华庭(商住楼),商住楼,3.11E+15
1500,付3押1,2室1厅1卫,75平方米,朝南,低层(共22层),精装修,普通住宅,金益园,津南 咸水沽,3.11E+15
1700,付3押1,1室1厅1卫,40平方米,朝南,中层(共6层),精装修,普通住宅,桥园里(河北),河北,3.11E+15
1500,面议,2室2厅1卫,102平方米,南北,中层(共25层),精装修,普通住宅,天锦园,宝坻 海滨街,3.11E+15
2800,付3押1,1室1厅1卫,50平方米,朝南,高层(共6层),精装修,普通住宅,勤建里,和平 新兴街,3.11E+15
2500,付3押1,3室1厅1卫,99平方米,南北,高层(共11层),精装修,普通住宅,文德花园,津南 海河教育园区,3.11E+15
1600,面议,2室2厅1卫,91.2平方米,南北,低层(共27层),简单装修,普通住宅,鸿坤原乡郡,武清 杨村街,3.11E+15
2500,付3押1,3室2厅2卫,131.7平方米,南北,中层(共6层),精装修,普通住宅,逸园,东丽 华明镇,3.11E+15
1700,付3押1,2室1厅1卫,65平方米,南北,中层(共7层),精装修,普通住宅,新华里(滨海),滨海,3.11E+15
2600,付3押1,2室2厅1卫,72平方米,南北,中层(共15层),简单装修,普通住宅,金隅悦城品香苑,东丽 张贵庄街,3.11E+15
4200,付3押1,1室1厅1卫,57平方米,朝西,低层(共27层),简单装修,公寓,北辰红星国际广场(商住楼),商住楼,3.11E+15
3800,付3押1,2室1厅1卫,96平方米,南北,高层(共29层),精装修,普通住宅,雅仕兰庭,河东 富民路,3.11E+15
1700,付3押1,1室1厅1卫,40平方米,朝南,中层(共6层),精装修,普通住宅,湘潭里,红桥 西沽街,3.11E+15
2200,付3押1,2室2厅1卫,86平方米,朝南,低层(共32层),精装修,普通住宅,金地格林世界棕榈苑,津南 双港,3.11E+15
1200,付1押1,1室1厅1卫,50平方米,朝南,共4层,精装修,普通住宅,滨海人家(一期),塘沽 杭州道街,3.00E+15
4000,付3押1,3室2厅2卫,150平方米,南北,高层(共11层),精装修,普通住宅,阳光100国际新城东园,南开 体育中心,3.11E+15
1800,付3押1,2室2厅1卫,66.8平方米,南北,低层(共6层),精装修,普通住宅,双街新家园,北辰 双街镇,3.11E+15
1800,面议,2室1厅1卫,99平方米,朝南,高层(共16层),精装修,普通住宅,荔隆观邸,武清 杨村街,3.11E+15
2700,付3押1,2室1厅1卫,91平方米,南北,中层(共33层),精装修,普通住宅,隆达新苑,河北 江都路街,3.11E+15
2200,付3押1,2室1厅1卫,94平方米,南北,高层(共6层),精装修,普通住宅,馨苑小区,塘沽 新港街,3.11E+15
2800,付3押1,3室1厅1卫,140平方米,南北,高层(共6层),精装修,普通住宅,中铁十八局集团(北区),北区,3.11E+15
1800,面议,2室1厅1卫,90平方米,南北,共5层,精装修,普通住宅,阳光佳园一里, ,3.11E+15
2700,付1押1,2室1厅1卫,80平方米,朝南,低层(共30层),精装修,普通住宅,君临大厦,河北 光复道街,3.11E+15
1500,面议,1室1厅1卫,55.1平方米,朝东,高层(共32层),简单装修,普通住宅,民畅园,红桥 咸阳北路街,3.11E+15
1600,付1押1,1室1厅1卫,40平方米,朝南,高层(共7层),精装修,普通住宅,迎风里,南开 王顶堤,3.11E+15
3300,面议,2室1厅1卫,70平方米,南北,高层(共6层),精装修,普通住宅,莲安里,南开 嘉陵道,3.11E+15
1400,付3押1,2室2厅1卫,83平方米,朝南,低层(共18层),精装修,普通住宅,星安庭苑,北辰 北辰周边,3.06E+15
2300,年付押1,3室1厅1卫,100平方米,南北,中层(共33层),简单装修,普通住宅,保利上河雅颂(南区),南区,3.11E+15
2200,付3押1,2室1厅1卫,92平方米,朝南,低层(共26层),精装修,普通住宅,金城嘉园,宁河 芦台镇,3.11E+15
1900,付3押1,1室1厅1卫,41平方米,南北,中层(共7层),精装修,普通住宅,卫安北里,南开 广开街,3.11E+15
1200,付3押1,1室1厅1卫,32平方米,南北,高层(共8层),豪华装修,普通住宅,礼貌东里小区,红桥 西沽街,2.98E+15
1300,面议,1室1厅1卫,60平方米,朝南,低层(共27层),精装修,普通住宅,经纬城市绿洲华清家园,武清 杨村街,3.11E+15
2200,付3押1,1室1厅1卫,40平方米,南北,中层(共6层),精装修,普通住宅,宾水东里,河西 天塔,3.11E+15
1700,面议,2室1厅1卫,70平方米,朝南,低层(共19层),精装修,普通住宅,盛世家园,武清 杨村街,3.11E+15
1500,付3押1,2室0厅1卫,68平方米,东南,中层(共32层),简单装修,普通住宅,和睦园,塘沽 西大沽街,3.11E+15
1400,付3押1,2室1厅1卫,78平方米,朝南,中层(共15层),精装修,普通住宅,新城悦隽风华滨斓苑,北辰 大张庄镇,3.11E+15
2500,付3押1,2室1厅2卫,55平方米,南北,中层(共9层),简单装修,普通住宅,童年湖,东丽 空港经济区,3.09E+15
2300,付3押1,1室1厅1卫,54平方米,西南,高层(共29层),精装修,普通住宅,熙汇广场,南开 黄河道,3.11E+15
1000,面议,1室1厅1卫,55平方米,南北,低层(共21层),简单装修,普通住宅,状元城,宝坻 朝霞街,3.11E+15
2300,付1押1,2室2厅1卫,100平方米,南北,共5层,精装修,普通住宅,富家湾, ,3.11E+15
1900,付3押1,2室1厅1卫,43平方米,朝南,高层(共6层),精装修,普通住宅,清源楼,红桥 咸阳北路街,3.11E+15
2100,半年付押1,2室2厅1卫,99平方米,南北,共5层,精装修,普通住宅,雍馨花园, ,3.11E+15
1600,付3押1,1室1厅1卫,44平方米,朝南,中层(共6层),精装修,普通住宅,春畅里,南开 向阳路,3.11E+15
2500,付3押1,2室2厅1卫,91平方米,南北,高层(共34层),精装修,普通住宅,鸿正富贵嘉园,塘沽 新港街,3.11E+15
2200,付3押1,1室1厅1卫,87平方米,朝南,高层(共14层),简单装修,普通住宅,金泰丽湾,东丽 华明镇,3.11E+15
2100,半年付押1,2室2厅1卫,100平方米,朝南,低层(共6层),精装修,普通住宅,栖仙温泉公寓中区,武清 杨村街,3.11E+15
2600,付3押1,2室1厅1卫,96平方米,南北,高层(共11层),精装修,普通住宅,君悦花苑,西青 张家窝,3.10E+15
1900,付3押1,1室1厅1卫,43.1平方米,南北,低层(共6层),精装修,普通住宅,燕园里,南开 王顶堤,3.11E+15
2500,付3押1,2室2厅1卫,79平方米,南北,低层(共29层),精装修,普通住宅,假日盈润园,西青 中北,3.11E+15
2000,付3押1,1室1厅1卫,41.7平方米,朝南,低层(共6层),精装修,普通住宅,长青北里,河北 建昌道街,3.11E+15
1100,面议,1室1厅1卫,53.9平方米,朝南,中层(共27层),精装修,普通住宅,五子家园,蓟州 罗庄子镇,3.11E+15
1300,付3押1,1室1厅1卫,45平方米,南北,高层(共6层),精装修,普通住宅,宇萃里,河北 王串场街,3.11E+15
2400,付3押1,3室1厅1卫,93平方米,南北,低层(共16层),简单装修,普通住宅,社会山南苑,西青 张家窝,3.11E+15
2200,付3押1,1室1厅1卫,40平方米,朝南,高层(共7层),精装修,普通住宅,延生里,南开 兴南街,3.11E+15
2400,付3押1,3室3厅3卫,110平方米,南北,高层(共11层),精装修,普通住宅,联发欣悦学府,塘沽 北塘街,3.11E+15
1400,付1押1,2室1厅1卫,94平方米,南北,高层(共22层),精装修,普通住宅,东岸虹苑,汉沽 寨上街,3.11E+15
2500,面议,2室1厅1卫,93平方米,南北,中层(共21层),精装修,普通住宅,振业名邸,红桥 双环街,3.03E+15
2800,面议,2室1厅1卫,48平方米,南北,高层(共6层),精装修,普通住宅,祺寿里,河西 大营门,3.11E+15
2500,面议,3室2厅2卫,98平方米,南北,高层(共11层),精装修,普通住宅,融侨阳光城皓h,西青 张家窝,3.11E+15
1100,付3押1,1室1厅1卫,40平方米,朝南,高层(共6层),精装修,普通住宅,黄海里,河西 柳林,3.11E+15
2500,付3押1,3室2厅1卫,89平方米,南北,高层(共9层),精装修,普通住宅,万科四季花城雅园,西青 张家窝,3.10E+15
1400,付3押1,1室1厅1卫,32平方米,朝南,低层(共6层),精装修,普通住宅,光荣楼,红桥 丁字沽街,3.11E+15
2800,付3押1,3室1厅1卫,97平方米,南北,高层(共26层),精装修,普通住宅,招商公园1872,西青 张家窝,3.11E+15
2200,付1押1,1室1厅1卫,55平方米,南北,高层(共7层),精装修,普通住宅,善安里,河北 光复道街,3.11E+15
4500,付3押1,2室1厅1卫,115平方米,东南,低层(共27层),精装修,普通住宅,悦海大厦,河北 光复道街,3.11E+15
2000,付3押1,3室2厅1卫,109.3平方米,南北,低层(共27层),精装修,普通住宅,欧铂城小区,北辰 小淀,3.11E+15
2500,面议,2室1厅1卫,82平方米,南北,低层(共27层),精装修,普通住宅,宝福家园,津南 双港,3.11E+15
2900,付3押1,1室1厅1卫,59.5平方米,朝东,中层(共32层),精装修,普通住宅,吉利花园,和平 南营门,3.11E+15
1400,付3押1,1室1厅1卫,53平方米,南北,中层(共30层),精装修,普通住宅,和苑梦和园,红桥 西营门街,3.11E+15
1950,付3押1,1室1厅1卫,50平方米,朝南,高层(共6层),精装修,普通住宅,潞河园,红桥 丁字沽街,3.11E+15
2200,付3押1,2室1厅1卫,85.8平方米,南北,高层(共6层),精装修,普通住宅,龙禧园,红桥 西沽街,3.11E+15
1000,付3押1,1室1厅1卫,70平方米,西北,低层(共33层),简单装修,普通住宅,招商依水郡,静海 团泊镇,3.11E+15
3000,付3押1,2室1厅1卫,88平方米,朝南,共4层,精装修,普通住宅,锦润华庭, ,3.11E+15
2200,付3押1,2室1厅1卫,59.2平方米,南北,高层(共6层),精装修,普通住宅,长治里,南开 万兴街,3.11E+15
2400,付3押1,2室1厅1卫,93平方米,南北,共5层,精装修,普通住宅,福渔园, ,3.08E+15
2400,付3押1,3室2厅2卫,131.9平方米,南北,高层(共8层),简单装修,普通住宅,紫罗园,北辰 集贤里,3.11E+15
3200,付3押1,2室2厅1卫,88平方米,朝南,中层(共28层),精装修,普通住宅,雅境新枫尚,河西 梅江,3.11E+15
2600,付3押1,2室1厅1卫,66平方米,东南,低层(共6层),精装修,普通住宅,益鑫里,红桥 p公庄街,3.11E+15
2600,付3押1,2室1厅1卫,96平方米,朝南,中层(共14层),精装修,普通住宅,翠海佳园,东丽 程林街,3.11E+15
1800,付3押1,2室1厅1卫,86.8平方米,朝南,中层(共28层),精装修,普通住宅,富锦华庭,北辰 北仓,3.09E+15
2300,付3押1,1室1厅1卫,70.1平方米,朝南,中层(共32层),精装修,普通住宅,隆达新苑,河北 江都路街,3.11E+15
2000,付3押1,2室1厅1卫,70平方米,南北,低层(共7层),精装修,普通住宅,栖霞里,红桥 西沽街,3.11E+15
1800,付3押1,2室1厅1卫,65平方米,南北,低层(共6层),精装修,普通住宅,容彩里,河北 王串场街,3.11E+15
1300,付3押1,3室1厅1卫,68平方米,南北,低层(共10层),精装修,普通住宅,宝德云湾,塘沽 新城镇,3.11E+15
1500,付3押1,1室1厅1卫,48.4平方米,朝东,中层(共32层),精装修,普通住宅,和睦园,塘沽 西大沽街,3.11E+15
6600,付3押1,3室2厅2卫,105平方米,东南,高层(共28层),精装修,普通住宅,中交海河公馆,南开 鼓楼,3.11E+15
1800,付3押1,2室1厅1卫,86.8平方米,朝南,中层(共28层),精装修,普通住宅,富锦华庭,北辰 北仓,3.09E+15
1400,付3押1,1室1厅1卫,43平方米,南北,高层(共6层),精装修,普通住宅,丹江里,河北 靖江路街,3.11E+15
1800,付3押1,2室1厅1卫,65平方米,南北,低层(共6层),精装修,普通住宅,容彩里,河北 王串场街,3.11E+15
2400,付3押1,3室2厅2卫,117平方米,南北,中层(共8层),精装修,普通住宅,融创臻园兰禾嘉苑,北辰 宜兴埠,3.11E+15
1500,面议,3室2厅2卫,129平方米,南北,中层(共17层),精装修,普通住宅,蝶恋祥园,宝坻 宝平街,3.11E+15
1900,付3押1,2室1厅1卫,60平方米,南北,中层(共6层),精装修,普通住宅,官易里,南开 向阳路,3.11E+15
2300,面议,1室1厅1卫,56平方米,南北,低层(共9层),精装修,普通住宅,爱丽家园西区,开发区 第三大街,3.11E+15
4500,付3押1,2室1厅1卫,49平方米,南北,中层(共8层),精装修,普通住宅,裕德里,和平 南市,3.11E+15
1800,年付,2室1厅1卫,88平方米,南北,低层(共18层),精装修,普通住宅,富锦华庭,北辰 北仓,3.11E+15
2000,付3押1,1室1厅1卫,44.9平方米,东西,高层(共8层),精装修,普通住宅,新城小区,河西 挂甲寺,3.08E+15
1700,半年付押1,3室2厅1卫,120平方米,南北,共5层,精装修,普通住宅,新湾花园(北园),武清 杨村街,3.11E+15
3200,付3押1,2室2厅1卫,88.2平方米,南北,中层(共6层),精装修,普通住宅,雅园,开发区 第三大街,3.11E+15
1100,付3押1,1室1厅1卫,63.3平方米,朝南,低层(共14层),精装修,普通住宅,盛锦苑,东丽 东丽湖,3.08E+15
3500,付3押1,2室2厅1卫,86平方米,朝南,低层(共11层),精装修,普通住宅,远洋新干线,东丽 空港经济区,3.11E+15
3600,付3押1,2室1厅1卫,94平方米,南北,低层(共29层),精装修,普通住宅,红星国际晶品轩,河东 上杭路,3.01E+15
1600,半年付押1,2室1厅1卫,66平方米,南北,共5层,精装修,普通住宅,曹园小区, ,3.11E+15
2500,付3押1,2室1厅1卫,100平方米,南北,中层(共8层),精装修,普通住宅,迎春园,塘沽 工农村街,3.11E+15
1500,付3押1,2室1厅1卫,78.5平方米,南北,高层(共27层),精装修,普通住宅,沽上江南,津南 咸水沽,3.11E+15
4300,付3押1,1室1厅1卫,61平方米,朝北,低层(共66层),精装修,普通住宅,和平翰林公馆,和平 劝业场,3.11E+15
4300,付3押1,1室1厅1卫,61平方米,朝北,低层(共66层),精装修,普通住宅,和平翰林公馆,和平 劝业场,3.11E+15
1900,付3押1,1室1厅1卫,65.6平方米,朝南,高层(共21层),精装修,普通住宅,新科园,西青 中北,3.11E+15
1500,付1押1,1室1厅1卫,60平方米,南北,低层(共30层),精装修,普通住宅,贻成尚北,塘沽 工农村街,3.11E+15
1600,付3押1,2室2厅1卫,87.8平方米,南北,低层(共26层),精装修,普通住宅,恒大翡翠华庭,东丽 东丽湖,3.11E+15
1400,面议,2室2厅1卫,90平方米,南北,中层(共17层),精装修,普通住宅,挹青园,宝坻 海滨街,3.11E+15
2500,付3押1,2室1厅1卫,63.2平方米,西北,高层(共27层),精装修,公寓,北辰红星国际广场(商住楼),商住楼,3.10E+15
1600,付3押1,1室1厅1卫,55.6平方米,朝南,高层(共28层),精装修,普通住宅,和苑梦和园,红桥 西营门街,3.11E+15
2400,付3押1,2室1厅1卫,95平方米,南北,中层(共11层),精装修,普通住宅,君悦花苑,西青 张家窝,3.11E+15
3500,付3押1,2室1厅1卫,65平方米,南北,低层(共6层),精装修,普通住宅,福至里,河西 下瓦房,3.11E+15
4200,付3押1,3室2厅2卫,133平方米,南北,低层(共6层),精装修,普通住宅,云锦世家(南区),南区,3.11E+15
2500,付3押1,1室2厅1卫,60平方米,南北,低层(共20层),精装修,公寓,君景广场,开发区 第五大街,3.09E+15
1700,付3押1,2室1厅1卫,86平方米,朝南,低层(共34层),精装修,普通住宅,远洋城滨翔花园,塘沽 胡家园街,3.11E+15
1800,付3押1,2室1厅1卫,97平方米,南北,高层(共24层),精装修,普通住宅,欣雅苑,塘沽 北塘街,3.07E+15
3500,付3押1,3室2厅1卫,89平方米,南北,高层(共11层),精装修,普通住宅,金融街融汇,西青 海泰高新区,3.11E+15
1350,付3押1,2室2厅1卫,87.4平方米,南北,高层(共28层),精装修,普通住宅,恒大翡翠华庭,东丽 东丽湖,3.09E+15
1600,付3押1,2室1厅1卫,96平方米,南北,中层(共30层),精装修,普通住宅,盛泽园,北辰 青光,3.11E+15
4000,面议,3室2厅1卫,91平方米,南北,高层(共14层),精装修,普通住宅,君景广场,开发区 第五大街,3.11E+15
4500,付3押1,2室2厅1卫,90平方米,朝南,低层(共16层),豪华装修,普通住宅,睦华里,红桥 铃铛阁街,3.11E+15
2400,付3押1,3室2厅1卫,91平方米,南北,高层(共18层),精装修,普通住宅,万科四季花城雅园,西青 张家窝,3.11E+15
1800,付3押1,2室2厅1卫,92平方米,南北,高层(共27层),精装修,普通住宅,瞰海轩,滨海新区 滨海城区,3.11E+15
3000,付1押1,3室2厅2卫,165平方米,南北,共5层,精装修,普通住宅,先锋公寓, ,3.10E+15
1800,付3押1,3室2厅2卫,123平方米,南北,高层(共8层),精装修,普通住宅,蓝光雍锦香颂,津南 咸水沽,3.11E+15
1350,付3押1,2室2厅1卫,87.4平方米,南北,高层(共28层),精装修,普通住宅,恒大翡翠华庭,东丽 东丽湖,3.09E+15
1000,半年付押1,1室1厅1卫,78平方米,朝南,低层(共15层),精装修,普通住宅,景瑞花园,武清 徐官屯街,3.11E+15
5200,付3押1,3室1厅1卫,128.1平方米,南北,中层(共11层),精装修,普通住宅,汇和家园,河东 春华街,3.11E+15
2500,付3押1,3室2厅2卫,120平方米,朝南,高层(共6层),精装修,普通住宅,中建海纳府,开发区 中新生态城,3.11E+15
3000,面议,2室1厅1卫,58平方米,朝南,中层(共8层),精装修,普通住宅,振河里,和平 新兴街,3.11E+15
2300,半年付,2室2厅1卫,78平方米,南北,高层(共7层),精装修,普通住宅,龙湖天璞,津南 海河教育园区,3.11E+15
6200,面议,2室2厅1卫,117平方米,南北,高层(共7层),精装修,普通住宅,宏达公寓(和平),和平,3.11E+15
1700,付3押1,2室1厅1卫,84平方米,朝南,低层(共24层),精装修,普通住宅,欣雅苑,塘沽 北塘街,3.11E+15
900,付2押1,2室2厅1卫,85平方米,南北,中层(共27层),简单装修,普通住宅,富力新城雍景豪庭,静海 团泊镇,3.11E+15
3500,付3押1,3室2厅1卫,128平方米,南北,中层(共6层),精装修,普通住宅,新华里(滨海),滨海,3.11E+15
2400,付3押1,2室2厅1卫,68平方米,南北,中层(共6层),简单装修,普通住宅,光华小区,河东 富民路,3.08E+15
3000,付3押1,1室1厅1卫,85.6平方米,南北,中层(共18层),精装修,普通住宅,凌奥产业园国际公寓,南开 体育中心,3.11E+15
2200,付3押1,1室1厅1卫,40平方米,朝南,高层(共8层),精装修,普通住宅,新城小区,河西 挂甲寺,3.11E+15
1900,付3押1,2室1厅1卫,86平方米,南北,高层(共18层),精装修,普通住宅,富锦华庭,北辰 北仓,3.11E+15
3200,付3押1,2室1厅1卫,72平方米,南北,高层(共11层),精装修,普通住宅,兰江新苑,河西 小海地,3.11E+15
1600,付3押1,2室1厅1卫,55平方米,南北,低层(共6层),精装修,普通住宅,泰来西里,北辰 集贤里,3.10E+15
2200,付3押1,3室1厅1卫,71.8平方米,南北,低层(共6层),精装修,普通住宅,拜泉里,北辰 北仓,3.11E+15
1100,付3押1,1室1厅1卫,45平方米,朝南,高层(共13层),精装修,普通住宅,宇顺园,塘沽 胡家园街,3.11E+15
1250,付3押1,1室1厅1卫,51.8平方米,朝南,高层(共32层),精装修,普通住宅,力高阳光海岸逸海苑,滨海新区 滨海城区,3.11E+15
1750,付1押1,1室1厅1卫,48.9平方米,南北,高层(共18层),精装修,普通住宅,碧春园,红桥 双环街,3.11E+15
1200,面议,2室2厅1卫,100平方米,南北,共5层,精装修,普通住宅,广厦南里西区, ,3.11E+15
2800,付3押1,2室2厅2卫,49.8平方米,南北,中层(共23层),精装修,普通住宅,首创大河公馆,河北 新开河街,3.11E+15
1100,付3押1,1室1厅1卫,29平方米,朝南,中层(共6层),简单装修,普通住宅,富民路94号院,河东 富民路,3.05E+15
1000,付3押1,2室1厅1卫,56平方米,南北,中层(共6层),精装修,普通住宅,引河里,北辰 北仓,3.11E+15
1750,付1押1,1室1厅1卫,50平方米,南北,低层(共32层),精装修,普通住宅,融科心贻湾,塘沽 工农村街,3.07E+15
2600,付3押1,2室1厅1卫,82平方米,南北,中层(共15层),精装修,普通住宅,万科西庐文韵园,西青 精武,3.11E+15
2500,付3押1,1室1厅1卫,47平方米,朝北,高层(共27层),精装修,普通住宅,保利国际博朗园,南开 广开街,3.11E+15
1600,半年付押1,2室2厅1卫,87平方米,朝南,高层(共23层),精装修,普通住宅,翠亨花园北里,武清 杨村街,3.11E+15
1000,付3押1,1室1厅1卫,50平方米,南北,共5层,精装修,普通住宅,人祥南里, ,3.11E+15
2600,半年付押1,3室2厅1卫,115平方米,南北,中层(共16层),精装修,普通住宅,紫泉庭苑,武清 杨村街,3.11E+15
1500,付3押1,1室1厅1卫,55平方米,朝南,高层(共27层),精装修,普通住宅,和苑国和园,红桥 西营门街,3.11E+15
3100,付3押1,2室1厅1卫,54.5平方米,南北,共4层,精装修,普通住宅,文静里, ,3.11E+15
2100,付1押1,1室1厅1卫,60平方米,东南,高层(共28层),精装修,普通住宅,城市之光月光园(商住楼),商住楼,3.11E+15
8500,付3押1,3室2厅3卫,203.3平方米,朝南,高层(共27层),精装修,普通住宅,海逸长洲恋海园,河西 梅江,3.11E+15
2800,付3押1,2室1厅1卫,90平方米,南北,低层(共27层),精装修,普通住宅,碧桂园天誉,塘沽 大沽街,3.11E+15
12000,付3押1,3室2厅3卫,181平方米,西南,高层(共61层),豪华装修,普通住宅,天津雅颂居,河东 大王庄,3.11E+15
2400,付3押1,2室1厅1卫,60平方米,西南,高层(共7层),精装修,普通住宅,嘉祥里(河东),河东,3.08E+15
2100,付3押1,2室1厅1卫,94平方米,朝南,低层(共18层),精装修,普通住宅,华润橡树湾茗润轩,东丽 华明镇,3.11E+15
1500,付3押1,1室1厅1卫,32平方米,朝南,高层(共6层),精装修,普通住宅,南海里,河西 柳林,3.11E+15
1500,付3押1,2室2厅1卫,80平方米,朝南,低层(共24层),精装修,普通住宅,秀水馨苑,北辰 小淀,3.11E+15
2600,付3押1,2室2厅1卫,90平方米,南北,高层(共24层),精装修,普通住宅,万科海港城(三期),三期,3.11E+15
3700,付3押1,2室2厅1卫,91平方米,朝南,中层(共23层),精装修,普通住宅,融科瀚棠丰合园(滨海),滨海,3.11E+15
8000,付3押1,2室2厅2卫,149平方米,西南,低层(共61层),精装修,普通住宅,天津雅颂居,河东 大王庄,3.11E+15
4000,付3押1,3室1厅1卫,97平方米,朝南,低层(共32层),精装修,普通住宅,天房美棠美塘佳苑,河西 梅江,3.11E+15
1400,面议,1室1厅1卫,55平方米,朝南,高层(共23层),精装修,普通住宅,金才园,津南 咸水沽,3.11E+15
1600,付3押1,2室1厅1卫,55.7平方米,朝南,中层(共28层),精装修,普通住宅,宜达园,北辰 普东街,3.11E+15
1900,付3押1,2室1厅1卫,54.5平方米,东南,中层(共6层),精装修,普通住宅,微山里,河西 陈塘庄,3.11E+15
5500,付3押1,1室1厅1卫,67平方米,南北,高层(共57层),精装修,普通住宅,都会轩,和平 体育馆,3.09E+15
1900,付1押1,1室1厅1卫,52平方米,南北,高层(共6层),精装修,普通住宅,金冠里,南开 王顶堤,3.11E+15
2000,付3押1,2室1厅1卫,60平方米,南北,高层(共6层),精装修,普通住宅,同江里,河西 小海地,3.11E+15
2500,面议,2室1厅1卫,76.4平方米,南北,共5层,精装修,普通住宅,雍馨花园, ,3.11E+15
6500,付3押1,3室2厅2卫,138平方米,南北,高层(共16层),精装修,普通住宅,郡城世家,和平 南市,3.11E+15
2700,付3押1,2室1厅1卫,58.2平方米,朝南,高层(共7层),精装修,普通住宅,级升里,南开 广开街,3.11E+15
2200,付1押1,1室1厅1卫,48平方米,南北,高层(共7层),精装修,普通住宅,卫星里(河西),河西,3.11E+15
2500,付3押1,2室2厅1卫,100平方米,南北,中层(共7层),精装修,普通住宅,馨苑小区,塘沽 新港街,3.11E+15
1600,付3押1,1室1厅1卫,63平方米,南北,高层(共6层),精装修,普通住宅,金宜里,北辰 普东街,3.09E+15
2300,付3押1,1室1厅1卫,43.1平方米,西南,中层(共26层),精装修,普通住宅,城市星座,河东 春华街,3.11E+15
1400,面议,2室1厅1卫,97平方米,南北,中层(共6层),精装修,普通住宅,顺兴小区,宁河 芦台镇,3.11E+15
1300,半年付,2室1厅1卫,88平方米,朝南,低层(共17层),精装修,普通住宅,蝶恋和园,宝坻 宝平街,3.11E+15
1400,面议,2室1厅1卫,97平方米,南北,中层(共6层),精装修,普通住宅,顺兴小区,宁河 芦台镇,3.09E+15
1300,半年付,2室1厅1卫,88平方米,朝南,低层(共17层),精装修,普通住宅,蝶恋和园,宝坻 宝平街,3.11E+15
1498,付3押1,1室1厅1卫,40平方米,南北,高层(共6层),精装修,普通住宅,律笛里,河北 鸿顺里街,3.07E+15
2700,付3押1,2室1厅1卫,67.9平方米,南北,高层(共6层),精装修,普通住宅,晓春里,红桥 芥园街,3.11E+15
1400,面议,1室1厅1卫,70平方米,南北,低层(共20层),精装修,普通住宅,蓝光雍锦香颂,津南 咸水沽,3.11E+15
2100,付3押1,2室1厅1卫,80平方米,朝南,高层(共6层),精装修,普通住宅,长青北里,河北 建昌道街,3.11E+15
2200,付3押1,2室1厅1卫,89.8平方米,南北,中层(共18层),精装修,普通住宅,海山南里,东丽 张贵庄街,3.11E+15
2400,付3押1,3室2厅1卫,98平方米,南北,低层(共14层),精装修,普通住宅,社会山东苑,西青 张家窝,3.11E+15
4000,付3押1,3室2厅2卫,147.5平方米,南北,高层(共6层),精装修,普通住宅,东盈园,河东 春华街,3.11E+15
1500,付3押1,1室1厅1卫,38.2平方米,南北,中层(共6层),精装修,普通住宅,文明里,塘沽 杭州道街,3.11E+15
2800,付3押1,1室1厅1卫,65平方米,南北,低层(共32层),精装修,普通住宅,绚丽园,河东 大王庄,3.11E+15
4200,年付押1,2室1厅1卫,56平方米,南北,共5层,精装修,普通住宅,浦口东里, ,3.10E+15
2700,付3押1,2室1厅1卫,99.5平方米,南北,低层(共7层),精装修,普通住宅,瑜峰园,河北 新开河街,3.11E+15
3500,付3押1,2室2厅1卫,87.6平方米,朝南,中层(共32层),精装修,普通住宅,北开花园,红桥 大胡同街,3.11E+15
2200,面议,1室1厅1卫,52平方米,朝东,中层(共20层),精装修,普通住宅,通达尚城(商住楼),商住楼,3.11E+15
2200,面议,2室1厅1卫,85平方米,南北,高层(共28层),精装修,普通住宅,赵沽里新苑,东丽 大毕庄镇,3.10E+15
2200,付3押1,2室1厅1卫,71平方米,朝南,高层(共24层),精装修,普通住宅,佳和雅庭,西青 大寺,3.11E+15
2500,面议,3室2厅1卫,90平方米,南北,中层(共32层),精装修,普通住宅,保利上河雅颂(南区),南区,3.11E+15
2500,付3押1,2室1厅1卫,103平方米,南北,低层(共9层),精装修,普通住宅,碧水家园B区,西青 侯台,3.11E+15
3200,面议,2室1厅1卫,65平方米,南北,低层(共6层),精装修,普通住宅,沱江里,南开 嘉陵道,3.11E+15
2500,付3押1,3室2厅1卫,89平方米,东西,中层(共7层),精装修,普通住宅,万科金域国际A区,塘沽 大沽街,3.11E+15
1600,付3押1,3室2厅1卫,91平方米,南北,中层(共6层),精装修,普通住宅,凤河孔雀城,武清 大王古庄镇,3.11E+15
900,付3押1,1室0厅1卫,30平方米,朝南,共5层,精装修, ,融立方, ,3.11E+15
1200,年付,2室2厅1卫,86平方米,朝南,低层(共15层),简单装修,普通住宅,泉N佳苑中区,武清 黄庄街,3.11E+15
1600,面议,1室1厅1卫,37平方米,朝南,中层(共6层),精装修,普通住宅,水木天成阁林园,红桥 西沽街,3.11E+15
2000,付3押1,2室1厅1卫,76.9平方米,南北,中层(共6层),精装修,普通住宅,花园西街小区,塘沽 解放路街,3.11E+15
3300,付3押1,2室1厅1卫,86.1平方米,朝南,中层(共18层),精装修,普通住宅,意境兰庭,东丽 空港经济区,3.11E+15
1600,面议,1室1厅1卫,37平方米,朝南,中层(共6层),精装修,普通住宅,水木天成阁林园,红桥 西沽街,3.11E+15
2400,付3押1,2室1厅1卫,85平方米,朝南,中层(共33层),精装修,普通住宅,宜淞园,北辰 宜兴埠,3.11E+15
2000,付3押1,2室1厅1卫,76.9平方米,南北,中层(共6层),精装修,普通住宅,花园西街小区,塘沽 解放路街,3.11E+15
1450,付3押1,1室1厅1卫,39平方米,南北,高层(共6层),精装修,普通住宅,律笛里,河北 鸿顺里街,2.96E+15
6500,付3押1,3室2厅2卫,150.4平方米,南北,低层(共26层),精装修,普通住宅,新文化花园新丽居,和平 南市,3.11E+15
1600,付3押1,2室2厅1卫,87.6平方米,朝南,高层(共7层),精装修,普通住宅,赏湖苑,东丽 东丽湖,3.07E+15
5200,付3押1,3室2厅2卫,155平方米,南北,低层(共11层),精装修,普通住宅,新华园小区,南开 八里台,3.11E+15
2000,付3押1,2室1厅1卫,85平方米,南北,高层(共25层),精装修,普通住宅,祥汇园,北辰 集贤里,3.11E+15
2800,付3押1,2室1厅1卫,99平方米,南北,高层(共7层),精装修,普通住宅,荔湾公寓,河西 越秀路,3.11E+15
3000,付3押1,2室2厅1卫,86平方米,南北,中层(共18层),精装修,普通住宅,意境兰庭,东丽 空港经济区,3.11E+15
5800,付3押1,1室1厅1卫,140平方米,东南,低层(共45层),精装修,普通住宅,凯德国贸,河西 大营门,3.06E+15
2200,付3押1,2室1厅1卫,87平方米,朝南,低层(共16层),精装修,普通住宅,鲲贝园,开发区 中新生态城,3.11E+15
900,付3押1,1室1厅1卫,30平方米,东南,共5层,精装修,普通住宅,悦光年爱车汇广场, ,3.11E+15
1500,付3押1,2室2厅1卫,85平方米,朝南,高层(共26层),精装修,普通住宅,东丽湖万科城赏溪苑,东丽 东丽湖,3.11E+15
1200,付3押1,2室1厅1卫,94平方米,南北,高层(共18层),精装修,普通住宅,弘泽天泽,汉沽 汉沽街,3.11E+15
2000,付3押1,3室2厅2卫,118平方米,南北,高层(共8层),精装修,普通住宅,赏湖苑,东丽 东丽湖,3.11E+15
2200,付3押1,2室1厅1卫,87平方米,朝南,低层(共16层),精装修,普通住宅,鲲贝园,开发区 中新生态城,3.11E+15
3100,付3押1,2室1厅1卫,87平方米,南北,高层(共6层),精装修,普通住宅,美福园(二期),二期,3.11E+15
1500,付3押1,2室2厅1卫,85平方米,朝南,高层(共26层),精装修,普通住宅,东丽湖万科城赏溪苑,东丽 东丽湖,3.11E+15
4600,付3押1,2室2厅1卫,108.7平方米,南北,高层(共9层),精装修,普通住宅,桦林园,南开 广开街,3.11E+15
2900,付3押1,2室1厅1卫,101平方米,南北,低层(共6层),精装修,普通住宅,敬贤里,河北 铁东路街,3.11E+15
3300,付3押1,2室1厅1卫,95平方米,朝南,低层(共24层),精装修,普通住宅,远洋万和城,西青 大寺,3.11E+15
2600,付3押1,3室2厅2卫,125平方米,朝东,中层(共11层),精装修,普通住宅,正荣府,北辰 宜兴埠,3.11E+15
3200,付3押1,2室2厅1卫,91平方米,南北,高层(共24层),精装修,普通住宅,天成一品一期(天成轩),天成轩,3.11E+15
2200,付3押1,2室1厅1卫,56平方米,南北,共5层,精装修,普通住宅,华山里, ,3.11E+15
3000,年付,3室2厅1卫,118平方米,南北,中层(共30层),精装修,普通住宅,国耀上河城,北辰 双街镇,3.11E+15
4100,付3押1,1室1厅1卫,75平方米,朝南,高层(共28层),精装修,普通住宅,天康园,南开 鼓楼,3.11E+15
2000,付3押1,2室1厅1卫,43平方米,朝南,低层(共6层),精装修,普通住宅,抗震里(滨海),滨海,3.09E+15
1800,付3押1,1室1厅1卫,44.4平方米,朝南,中层(共6层),精装修,普通住宅,汶川里,南开 嘉陵道,3.11E+15
2700,付3押1,2室2厅2卫,110.6平方米,南北,低层(共11层),精装修,普通住宅,世茂国风锦唐,开发区 中新生态城,3.11E+15
2400,付3押1,2室1厅1卫,69平方米,南北,高层(共6层),精装修,普通住宅,十三经路18号院,河东 大王庄,3.11E+15
7000,付3押1,3室2厅2卫,155平方米,南北,高层(共32层),精装修,普通住宅,仁恒河滨花园,河北 望海楼街,3.11E+15
1350,付3押1,1室1厅1卫,59.2平方米,朝南,低层(共25层),精装修,普通住宅,辰发花园,北辰 天穆,3.11E+15
1800,付3押1,2室2厅1卫,88平方米,南北,低层(共18层),精装修,普通住宅,雅悦华邸,滨海新区 滨海城区,3.11E+15
4700,付3押1,5室1厅2卫,140.8平方米,南北,低层(共18层),精装修,普通住宅,靓锦名居,河东 大直沽,3.11E+15
5000,付3押1,3室2厅2卫,151.9平方米,朝南,高层(共24层),精装修,普通住宅,富力津门湖云舒花园,西青 新梅江南,3.11E+15
1500,面议,2室1厅1卫,113平方米,朝南,中层(共12层),精装修,普通住宅,京津时尚广场,武清 杨村街,3.11E+15
1700,面议,2室1厅1卫,81平方米,朝南,高层(共22层),精装修,普通住宅,瑞佳家园,北辰 佳荣里街,3.11E+15
2600,付3押1,2室2厅1卫,85平方米,南北,中层(共15层),简单装修,普通住宅,万科西庐学韵园,西青 精武,3.11E+15
4500,付3押1,2室1厅1卫,101.3平方米,朝南,低层(共22层),精装修,普通住宅,气象台路95号增1号建设院家属楼,河西 天塔,3.11E+15
2700,面议,1室1厅1卫,80平方米,朝南,中层(共14层),精装修,普通住宅,泰达国际公寓,开发区 第二大街,3.11E+15
8300,付3押1,5室2厅2卫,285平方米,南北,共4层,精装修,普通住宅,碧欣园, ,3.10E+15
1400,付3押1,2室1厅1卫,78平方米,南北,高层(共32层),精装修,普通住宅,绅湖公馆,塘沽 滨海高新区,3.11E+15
2400,付3押1,2室2厅1卫,102平方米,南北,高层(共10层),精装修,普通住宅,碧水家园DE区,西青 侯台,3.11E+15
3000,付3押1,2室1厅1卫,118平方米,南北,中层(共7层),精装修,普通住宅,蝶桥公寓,河东 大直沽,3.11E+15
4000,付3押1,1室1厅1卫,82平方米,朝南,高层(共48层),精装修,普通住宅,铂津湾南苑(商住楼),商住楼,3.05E+15
5000,付3押1,2室1厅1卫,90.5平方米,南北,共5层,精装修,普通住宅,宁乐西里, ,3.11E+15
2500,付3押1,1室1厅1卫,81平方米,朝南,低层(共28层),精装修,普通住宅,旭辉御府,西青 中北,3.11E+15
4300,付3押1,2室1厅1卫,89平方米,朝南,中层(共26层),精装修,普通住宅,富力津门湖景尚嘉郡花园,西青 李七庄,3.11E+15
1500,付3押1,1室1厅1卫,40平方米,南北,高层(共8层),精装修,普通住宅,礼貌东里小区,红桥 西沽街,3.11E+15
2300,面议,2室1厅1卫,70平方米,朝东,中层(共24层),精装修,普通住宅,万汇文化广场,西青 中北,3.11E+15
3900,付3押1,3室1厅1卫,67平方米,朝南,中层(共22层),精装修, ,七贤南里(商住楼),商住楼,2.92E+15
2800,付3押1,2室1厅1卫,86平方米,南北,低层(共18层),精装修,普通住宅,意境兰庭,东丽 空港经济区,3.11E+15
1300,付3押1,3室1厅1卫,93平方米,南北,高层(共15层),精装修,普通住宅,新城悦隽风华滨斓苑,北辰 大张庄镇,3.11E+15
1500,付3押1,2室1厅1卫,76.8平方米,朝南,低层(共29层),精装修,普通住宅,城际美景,北辰 双街镇,3.11E+15
3000,付3押1,2室2厅2卫,68平方米,南北,低层(共6层),精装修,普通住宅,紫荆花园,塘沽 工农村街,3.11E+15
2400,付3押1,3室1厅1卫,110平方米,南北,高层(共18层),精装修,普通住宅,都旺新城竹芳园,北辰 果园新村,3.10E+15
1300,付3押1,2室2厅1卫,93平方米,南北,低层(共15层),精装修,普通住宅,天嘉湖花园,津南 津南八里台,3.11E+15
2900,付3押1,2室2厅1卫,90平方米,朝南,中层(共11层),精装修,普通住宅,中铁建梧桐苑,东丽 空港经济区,3.11E+15
2000,付1押1,2室1厅1卫,46平方米,朝南,高层(共6层),精装修,普通住宅,军民里,河北 鸿顺里街,3.11E+15
3000,付3押1,2室1厅1卫,100平方米,东北,高层(共32层),精装修, ,融创滨海中心,塘沽 西大沽街,3.11E+15
3000,付3押1,2室2厅1卫,85平方米,南北,低层(共33层),精装修,普通住宅,南益名悦湾,塘沽 解放路街,3.11E+15
3400,付3押1,2室1厅1卫,77.5平方米,南北,高层(共30层),精装修,普通住宅,永基花园,南开 广开街,3.11E+15
1500,面议,2室1厅1卫,77.3平方米,朝南,中层(共18层),精装修,普通住宅,新城悦隽风华滨斓苑,北辰 大张庄镇,3.11E+15
3600,付3押1,2室1厅1卫,75平方米,朝东,低层(共6层),精装修,普通住宅,平山里(北区),北区,3.11E+15
3600,付3押1,2室1厅1卫,88平方米,南北,高层(共23层),精装修,普通住宅,万科滨海大都会观塘苑,滨海新区 滨海城区,3.08E+15
2200,付3押1,1室1厅1卫,58.5平方米,朝南,中层(共7层),简单装修,普通住宅,华泰园,河北 新开河街,3.07E+15
2000,付3押1,1室1厅1卫,24.3平方米,朝南,中层(共8层),精装修,普通住宅,元兴新里,河西 桃园街,3.07E+15
2500,面议,1室1厅1卫,44.9平方米,朝南,低层(共11层),精装修,普通住宅,爱家星河花园,河北 宁园街,2.89E+15
2100,付3押1,2室1厅1卫,93平方米,朝南,中层(共32层),精装修,普通住宅,融科贻锦台,塘沽 工农村街,3.11E+15
4200,付3押1,1室1厅1卫,73.8平方米,南北,高层(共31层),精装修,普通住宅,天康园,南开 鼓楼,3.11E+15
1800,付3押1,2室2厅1卫,87.6平方米,南北,低层(共7层),精装修,普通住宅,赏湖苑,东丽 东丽湖,3.11E+15
3700,付3押1,2室1厅1卫,91.3平方米,南北,低层(共7层),精装修,普通住宅,琴海公寓,河北 光复道街,3.10E+15
4250,面议,2室1厅1卫,95.8平方米,朝南,低层(共13层),精装修,普通住宅,富贾花园,河北 宁园街,3.08E+15
2400,付3押1,2室1厅1卫,70平方米,南北,中层(共6层),精装修,普通住宅,十三经路18号院,河东 大王庄,3.11E+15
2400,付1押1,1室1厅1卫,50平方米,南北,高层(共28层),精装修,普通住宅,塞纳公馆,南开 王顶堤,3.11E+15
2400,付3押1,2室1厅0卫,91平方米,南北,中层(共6层),精装修,普通住宅,动检楼,开发区 第三大街,3.10E+15
2200,付3押1,3室1厅1卫,99平方米,南北,高层(共6层),简单装修,普通住宅,柳苑公寓,河西 柳林,3.11E+15
1850,付3押1,2室1厅1卫,66.9平方米,东南,高层(共24层),精装修,普通住宅,富瀛洲花园,河北 建昌道街,3.11E+15
1600,付3押1,2室1厅1卫,81平方米,南北,高层(共6层),简单装修,普通住宅,延川里(滨海),滨海,3.11E+15
3500,付3押1,2室1厅1卫,50平方米,朝南,共5层,简单装修,普通住宅,新三多里, ,3.11E+15
1400,面议,2室1厅1卫,97平方米,南北,高层(共24层),精装修,普通住宅,欣裕苑,塘沽 北塘街,3.11E+15
2500,付3押1,3室1厅1卫,90.4平方米,朝南,高层(共16层),精装修,普通住宅,社会山东苑,西青 张家窝,3.07E+15
2900,付3押1,2室1厅1卫,58平方米,朝南,高层(共23层),精装修,普通住宅,金盛国际,南开 鼓楼,3.11E+15
3200,付3押1,3室1厅1卫,41.2平方米,朝南,低层(共6层),简单装修,普通住宅,临平里,南开 向阳路,3.11E+15
3000,面议,3室2厅1卫,117.1平方米,南北,中层(共13层),精装修,普通住宅,瑞盈园,北辰 瑞景街,3.11E+15
2400,付3押1,2室1厅2卫,76平方米,南北,共5层, ,普通住宅,第六大道道俊华园, ,3.11E+15
1600,付1押1,1室1厅1卫,60平方米,朝南,中层(共6层),精装修,普通住宅,宇泰家园,西青 大寺,3.11E+15
3000,付3押1,2室1厅1卫,113平方米,南北,低层(共6层),精装修,普通住宅,秀丽园,河东 鲁山道,3.11E+15
2300,付3押1,1室1厅1卫,32.1平方米,东北,中层(共8层),简单装修,普通住宅,裕德里,和平 南市,3.11E+15
1400,半年付押1,2室1厅1卫,87平方米,南北,中层(共27层),精装修,普通住宅,凤河孔雀城,武清 大王古庄镇,3.11E+15
2000,付3押1,1室1厅1卫,32.5平方米,朝西,共4层,简单装修,普通住宅,五爱里, ,3.11E+15
800,年付,2室1厅1卫,80.5平方米,南北,高层(共6层),简单装修,普通住宅,安裕新村,蓟州 文昌街,3.11E+15
2500,付3押1,3室1厅1卫,90平方米,朝南,中层(共13层),精装修,普通住宅,合景领峰领世园,塘沽 渤海石油街,3.11E+15
1200,付3押1,1室1厅1卫,58平方米,朝南,高层(共18层),精装修,普通住宅,瞰海轩,滨海新区 滨海城区,3.11E+15
1400,付1押1,1室1厅1卫,37.4平方米,朝北,中层(共6层),简单装修,普通住宅,新义信里,河东 大王庄,3.09E+15
1750,付3押1,1室1厅1卫,47.4平方米,朝南,高层(共7层),简单装修,普通住宅,米兰金狮家园,河北 望海楼街,3.11E+15
1850,付3押1,1室1厅1卫,49平方米,朝南,中层(共11层),精装修,公寓,颐景公寓,东丽 空港经济区,3.11E+15
2100,付3押1,1室1厅1卫,48.6平方米,朝东,低层(共6层),简单装修,普通住宅,苏堤东里,南开 万兴街,3.10E+15
2500,付3押1,3室2厅1卫,94平方米,南北,低层(共7层),精装修,普通住宅,锦绣大家,津南 海河教育园区,3.02E+15
900,付3押1,1室1厅1卫,61平方米,南北,中层(共6层),简单装修,普通住宅,新澳花园,汉沽 河西,3.10E+15
1400,付3押1,1室1厅1卫,33平方米,朝南,低层(共6层),简单装修,普通住宅,永进楼,红桥 咸阳北路街,3.11E+15
1600,年付押1,3室2厅2卫,118平方米,南北,中层(共6层),简单装修,普通住宅,阳光小区(蓟县),蓟县,3.11E+15
1000,付3押1,1室1厅1卫,78.8平方米,朝南,高层(共26层),精装修,普通住宅,潞河丽苑,北辰 北仓,3.11E+15
1300,付3押1,2室1厅1卫,72平方米,南北,共5层,简单装修,普通住宅,永福里, ,3.11E+15
4500,付3押1,2室2厅1卫,104平方米,南北,低层(共6层),精装修,普通住宅,东风里(河西),河西,3.11E+15
1400,付3押1,1室1厅1卫,58.4平方米,南北,中层(共6层),简单装修,普通住宅,子牙里,红桥 西于庄街,3.11E+15
1500,付3押1,1室0厅1卫,46平方米,南北,共4层,精装修,普通住宅,学畔馨园, ,3.11E+15
1400,付3押1,2室1厅1卫,60平方米,南北,高层(共6层),简单装修,普通住宅,颂贤里,河北 铁东路街,3.09E+15
1300,付3押1,1室0厅1卫,42平方米,朝南,高层(共20层),精装修,普通住宅,九洲创意园,津南 双港,3.11E+15
1500,付3押1,1室1厅1卫,61.1平方米,朝南,高层(共18层),精装修,普通住宅,荣居园,北辰 青光,3.11E+15
1600,付3押1,3室1厅1卫,92.7平方米,朝南,中层(共11层),精装修, ,赏湖苑,东丽 东丽湖,3.09E+15
1550,付3押1,2室0厅1卫,50平方米,东西,共4层,精装修, ,天辰公寓, ,2.89E+15
2200,付3押1,2室1厅1卫,40平方米,南北,高层(共6层),精装修,普通住宅,富平里,南开 向阳路,3.06E+15
1600,面议,2室2厅1卫,100平方米,南北,中层(共6层),精装修,普通住宅,怡君园,蓟州 罗庄子镇,3.11E+15
2200,付1押1,2室2厅1卫,93平方米,南北,中层(共24层),精装修,普通住宅,启航嘉园,开发区 第五大街,3.11E+15
1900,付1押1,1室1厅1卫,52平方米,南北,高层(共6层),精装修,普通住宅,盈江西里,南开 天拖南,3.11E+15
1900,付3押1,1室1厅1卫,50平方米,朝南,低层(共26层),精装修,普通住宅,云江新苑,河西 小海地,3.11E+15
1500,付3押1,2室1厅1卫,55平方米,朝北,中层(共17层),精装修,普通住宅,一商友谊广场,汉沽 河西,3.10E+15
4500,付3押1,2室2厅1卫,87.7平方米,南北,低层(共32层),精装修,普通住宅,天康园,南开 鼓楼,3.11E+15
1900,付3押1,1室1厅1卫,57平方米,朝东,低层(共23层),精装修,普通住宅,兰江新苑,河西 小海地,3.11E+15
1900,付3押1,3室1厅1卫,95平方米,南北,低层(共25层),精装修,普通住宅,盛逸园,北辰 青光,3.11E+15
2500,付3押1,3室2厅1卫,92平方米,南北,低层(共18层),精装修,普通住宅,万科金域国际C区,塘沽 渤海石油街,3.11E+15
1600,付3押1,1室1厅1卫,55平方米,朝南,中层(共30层),精装修,普通住宅,和苑梦和园,红桥 西营门街,3.11E+15
3499,付3押1,2室1厅1卫,86.6平方米,朝南,中层(共22层),精装修,普通住宅,诗景颂苑,河北 建昌道街,3.09E+15
1500,面议,3室2厅2卫,143平方米,南北,中层(共25层),精装修,普通住宅,碧桂园映月庭院,津南 津南八里台,3.05E+15
1200,付3押1,1室1厅1卫,45平方米,南北,高层(共24层),精装修,普通住宅,远洋城滨华花园,塘沽 胡家园街,3.11E+15
1500,半年付,1室1厅1卫,49平方米,南北,高层(共7层),精装修,普通住宅,汶川里,南开 嘉陵道,3.11E+15
1500,付3押1,2室1厅1卫,50平方米,南北,高层(共6层),精装修,普通住宅,凤岐里,河东 东新街,3.11E+15
1600,付3押1,1室1厅1卫,54平方米,朝南,低层(共11层),精装修,普通住宅,华润橡树湾香润轩,东丽 华明镇,3.11E+15
2000,年付押1,2室2厅1卫,95.8平方米,南北,中层(共27层),精装修,普通住宅,曲院风荷,蓟州 文昌街,3.09E+15
1600,付3押1,1室1厅1卫,54平方米,朝南,低层(共11层),精装修,普通住宅,华润橡树湾香润轩,东丽 华明镇,3.11E+15
1500,面议,1室1厅1卫,49.7平方米,南北,中层(共6层),精装修,普通住宅,金苑公寓,红桥 双环街,3.11E+15
2000,付3押1,2室2厅1卫,78平方米,朝南,中层(共9层),精装修,普通住宅,溪清苑,西青 中北,3.11E+15
1950,付1押1,2室1厅1卫,75平方米,南北,高层(共6层),精装修,普通住宅,昆仑北里B区,东丽 万新街,3.11E+15
2000,付3押1,1室1厅1卫,45.5平方米,朝南,高层(共31层),精装修,普通住宅,中海御湖翰苑(商住楼),商住楼,3.06E+15
3500,付3押1,1室1厅1卫,73平方米,南北,高层(共25层),精装修,普通住宅,凯摩国际公寓,南开 体育中心,3.11E+15
2000,付3押1,2室2厅1卫,98平方米,南北,共5层,精装修,普通住宅,前程里(滨海),大港 迎新街,3.11E+15
1800,付3押1,2室1厅1卫,91.4平方米,南北,高层(共29层),精装修,普通住宅,融创Z园,北辰 果园新村,3.10E+15
2700,付3押1,3室1厅1卫,87平方米,南北,高层(共21层),精装修,普通住宅,万海华府南苑,塘沽 新港街,3.11E+15
2650,付1押1,1室1厅1卫,47平方米,朝南,高层(共16层),精装修,普通住宅,晋丰大厦(商住楼),商住楼,3.11E+15
2700,付3押1,3室2厅1卫,89平方米,南北,低层(共7层),精装修,普通住宅,锦绣大家,津南 海河教育园区,2.98E+15
2000,付3押1,2室2厅1卫,100平方米,南北,中层(共6层),精装修,普通住宅,莱茵小镇美泉苑,西青 杨柳青,3.11E+15
1000,面议,2室1厅1卫,56平方米,南北,共4层,精装修,普通住宅,老棉纺家属院, ,3.11E+15
2500,付3押1,3室2厅1卫,90.4平方米,朝南,高层(共32层),精装修,普通住宅,富力尚悦居,武清 杨村街,3.11E+15
5200,面议,2室1厅1卫,92.6平方米,南北,高层(共28层),精装修,普通住宅,新都大厦小区,南开 万兴街,3.11E+15
1900,付3押1,1室1厅1卫,45平方米,朝南,低层(共29层),精装修,普通住宅,花样年喜年广场,河西 梅江南,3.11E+15
1700,付3押1,2室1厅1卫,94.3平方米,南北,中层(共6层),精装修,普通住宅,晨晖北里,大港 迎宾街,3.11E+15
6000,付3押1,3室2厅1卫,179.9平方米,南北,高层(共37层),精装修,普通住宅,紫乐名轩,河东 一号桥,3.11E+15
2300,付3押1,2室2厅1卫,82平方米,南北,低层(共14层),精装修,普通住宅,兰雅苑,东丽 新立镇,3.11E+15
2100,付3押1,2室1厅1卫,98.5平方米,南北,高层(共25层),精装修,普通住宅,胡北小镇,塘沽 新河街,3.11E+15
2500,付3押1,2室1厅1卫,90平方米,南北,共5层,精装修,普通住宅,智达里, ,3.11E+15
1800,付3押1,2室2厅1卫,108.3平方米,南北,中层(共18层),精装修,普通住宅,盛锦苑,东丽 东丽湖,3.11E+15
7200,面议,1室1厅1卫,74平方米,朝南,低层(共34层),精装修,普通住宅,犀地,和平 新兴街,3.11E+15
4300,付1押1,2室1厅1卫,122平方米,南北,高层(共15层),精装修,普通住宅,翰雅园,南开 天拖南,3.11E+15
6000,付3押1,1室1厅1卫,70.9平方米,朝南,中层(共62层),精装修,公寓,和平翰林公馆,和平 劝业场,3.11E+15
1900,付3押1,2室1厅1卫,64平方米,朝南,低层(共28层),精装修,普通住宅,和苑全和园,红桥 西营门街,3.11E+15
2500,付3押1,2室1厅1卫,62平方米,南北,中层(共6层),精装修,普通住宅,云阳西里,南开 嘉陵道,3.11E+15
2500,付1押1,2室1厅1卫,98平方米,朝南,低层(共6层),精装修,普通住宅,宇泰家园,西青 大寺,3.11E+15
1800,付3押1,2室1厅1卫,75平方米,西南,高层(共25层),精装修,普通住宅,福松源庄二期,津南 双港,3.10E+15
2400,付3押1,2室2厅1卫,109平方米,南北,中层(共6层),精装修,普通住宅,河华里,塘沽 塘沽新村街,3.11E+15
2300,付3押1,1室1厅1卫,47.3平方米,南北,中层(共6层),精装修,普通住宅,云阳西里,南开 嘉陵道,3.11E+15
3400,付3押1,2室1厅1卫,88平方米,东北,高层(共53层),精装修,普通住宅,卓越浅水湾,河东 大王庄,3.11E+15
1900,付1押1,2室1厅1卫,81平方米,朝南,高层(共6层),精装修,普通住宅,燕宇花园,西青 中北,3.11E+15
2200,付3押1,2室1厅1卫,71平方米,南北,低层(共30层),精装修,普通住宅,新城家园,塘沽 新港街,3.11E+15
5000,付3押1,2室2厅2卫,130平方米,南北,低层(共26层),精装修,普通住宅,融创奥城天玺,南开 体育中心,3.10E+15
2500,付1押1,2室2厅1卫,102平方米,南北,低层(共28层),精装修,普通住宅,红|领世郡人才公寓,津南 双港,3.11E+15
1800,付3押1,2室1厅1卫,80平方米,南北,中层(共16层),精装修,普通住宅,王村金祥园,西青 大寺,3.11E+15
4100,付3押1,2室1厅1卫,86平方米,朝南,中层(共28层),精装修,普通住宅,铜锣湾花园,南开 鼓楼,3.11E+15
2350,付3押1,2室1厅1卫,76.8平方米,朝南,低层(共22层),精装修,普通住宅,紫云雅苑,塘沽 新港街,3.11E+15
2200,面议,3室2厅1卫,95平方米,南北,中层(共7层),精装修,普通住宅,华远景瑞海蓝城,津南 咸水沽,3.11E+15
2500,面议,1室1厅1卫,53.3平方米,南北,中层(共24层),精装修,普通住宅,风湖里,南开 学府街,3.10E+15
4000,付3押1,2室2厅1卫,87平方米,南北,低层(共29层),精装修,普通住宅,五福里,河西 陈塘庄,3.11E+15
3800,面议,2室2厅1卫,93平方米,南北,高层(共31层),精装修,其他,天浦园,河西 梅江南,3.10E+15
2000,付3押1,2室1厅1卫,98平方米,南北,中层(共12层),精装修,普通住宅,金旺南里,西青 精武,3.11E+15
2400,付3押1,3室2厅1卫,103平方米,南北,中层(共11层),精装修,普通住宅,恒大悦湖公馆,塘沽 滨海高新区,3.11E+15
3300,付3押1,2室1厅1卫,87平方米,南北,高层(共53层),豪华装修,普通住宅,卓越浅水湾,河东 大王庄,3.11E+15
2600,付3押1,3室2厅1卫,106平方米,南北,高层(共34层),精装修,普通住宅,远洋城滨瑞花园,塘沽 胡家园街,3.11E+15
3300,付3押1,2室1厅1卫,85平方米,朝东,高层(共46层),豪华装修,普通住宅,卓越浅水湾,河东 大王庄,3.11E+15
1200,付3押1,1室1厅1卫,40平方米,朝东,高层(共24层),精装修,普通住宅,普泽家园,北辰 宜兴埠,3.11E+15
1600,付3押1,2室1厅1卫,99平方米,南北,低层(共29层),精装修,普通住宅,华城馨苑,汉沽 汉沽街,3.11E+15
1000,付3押1,1室1厅1卫,78.8平方米,朝南,高层(共26层),精装修,普通住宅,潞河丽苑,北辰 北仓,3.11E+15
3300,付3押1,2室1厅1卫,85平方米,朝东,高层(共45层),豪华装修,普通住宅,卓越浅水湾,河东 大王庄,3.11E+15
2000,付3押1,3室2厅2卫,127平方米,南北,高层(共33层),精装修,普通住宅,力高阳光海岸雍海苑,开发区 中新生态城,3.11E+15
2800,面议,2室2厅1卫,80.3平方米,南北,高层(共27层),精装修,普通住宅,鸿坤原乡郡,武清 杨村街,3.11E+15
1500,付3押1,2室2厅1卫,85平方米,南北,低层(共7层),精装修,普通住宅,碧桂园丽泽府,静海 团泊镇,3.11E+15
2400,付3押1,2室1厅1卫,85平方米,朝南,低层(共22层),精装修,普通住宅,金地艺华年盈翠名苑,津南 双港,3.11E+15
7500,付3押1,3室2厅2卫,160平方米,南北,高层(共26层),精装修,其他,时代奥城,南开 体育中心,3.10E+15
17000,面议,3室2厅2卫,162.4平方米,南北,低层(共32层),精装修,普通住宅,府上和平,和平 体育馆,3.11E+15
1300,付3押1,2室1厅1卫,72平方米,南北,共5层,简单装修,普通住宅,永福里, ,3.11E+15
1400,付3押1,1室1厅1卫,58.4平方米,南北,中层(共6层),简单装修,普通住宅,子牙里,红桥 西于庄街,3.11E+15
600,付3押1,1室0厅1卫,26平方米,朝南,中层(共6层),简单装修,普通住宅,高峰里,北辰 果园新村,2.99E+15
1300,付3押1,1室2厅1卫,61.5平方米,朝南,高层(共7层),简单装修,普通住宅,霞光里(北辰),北辰,3.11E+15
1400,付3押1,2室1厅1卫,60平方米,南北,高层(共6层),简单装修,普通住宅,颂贤里,河北 铁东路街,3.09E+15
2500,付3押1,1室2厅2卫,48.9平方米,朝西,高层(共24层),简单装修,普通住宅,北宁湾宁宇家园(商住楼),商住楼,3.11E+15
2500,付3押1,2室1厅1卫,90平方米,南北,中层(共9层),简单装修,普通住宅,上杭花园,河东 向阳楼,3.11E+15
600,面议,1室1厅1卫,57平方米,朝南,高层(共17层),简单装修,普通住宅,金水湾花园,宝坻 霍各庄镇,3.11E+15
2300,付3押1,3室2厅1卫,112平方米,朝南,低层(共27层),简单装修,普通住宅,欧铂城小区,北辰 小淀,3.11E+15
1600,付1押1,1室1厅1卫,36.5平方米,朝西,低层(共8层),简单装修,普通住宅,辰润里,河北 鸿顺里街,3.11E+15
1300,付3押1,2室1厅1卫,60平方米,南北,高层(共6层),简单装修,普通住宅,民宜里,北辰 普东街,3.11E+15
2100,付3押1,1室1厅1卫,57.5平方米,朝东,中层(共12层),简单装修,普通住宅,琴海公寓,河北 光复道街,3.11E+15
1900,付3押1,2室1厅1卫,90平方米,南北,共5层,简单装修,普通住宅,水岸华庭(津南),津南 咸水沽,3.11E+15
2000,付3押1,2室1厅1卫,69平方米,朝南,高层(共6层),简单装修,普通住宅,津塘路2号楼,河东 大王庄,3.11E+15
1300,付3押1,1室1厅1卫,48平方米,朝南,高层(共6层),简单装修,普通住宅,阳安里,河东 向阳楼,3.11E+15
1500,付3押1,2室1厅1卫,72平方米,南北,高层(共6层),简单装修,普通住宅,黄岩里,河东 二号桥,3.11E+15
2800,付3押1,1室1厅1卫,35平方米,东西,共3层,精装修,其他,大理道小区, ,3.10E+15
1700,付3押1,2室1厅1卫,82平方米,东西,高层(共7层),简单装修,普通住宅,宜君北里,南开 向阳路,3.10E+15
2400,付3押1,2室1厅1卫,38平方米,朝南,高层(共6层),精装修,普通住宅,文化村小区,和平 南营门,3.11E+15
1200,付3押1,1室1厅1卫,35平方米,朝南,高层(共6层),简单装修,普通住宅,芥园里,南开 向阳路,3.10E+15
1700,付3押1,1室1厅1卫,45平方米,朝东,低层(共7层),简单装修,普通住宅,日方里,河北 鸿顺里街,3.11E+15
2400,付3押1,2室1厅1卫,58.3平方米,南北,高层(共6层),简单装修,普通住宅,林苑西里,南开 王顶堤,3.11E+15
1800,付3押1,1室1厅1卫,34平方米,朝南,低层(共6层),精装修,普通住宅,互助南里,河东 中山门,3.11E+15
2500,付3押1,1室1厅1卫,60平方米,朝南,高层(共18层),简单装修,普通住宅,世家新苑,和平 新兴街,3.11E+15
1800,付3押1,1室1厅1卫,23.9平方米,朝南,中层(共6层),精装修,普通住宅,彩霞里,南开 向阳路,3.09E+15
1600,付3押1,2室1厅1卫,60.4平方米,南北,高层(共6层),简单装修,普通住宅,满江北里,河北 靖江路街,3.11E+15
1800,付3押1,1室1厅1卫,42.9平方米,朝西,高层(共6层),简单装修,普通住宅,风湖里,南开 学府街,3.11E+15
4500,付3押1,2室2厅1卫,102平方米,南北,共5层,简单装修,普通住宅,凯立天香家园, ,3.11E+15
2700,付3押1,2室1厅1卫,55.5平方米,南北,中层(共6层),简单装修,普通住宅,民族楼,红桥 铃铛阁街,3.11E+15
3900,付3押1,1室1厅1卫,73.9平方米,东南,高层(共25层), , ,凯摩国际公寓,南开 体育中心,2.71E+15
2100,付3押1,1室1厅1卫,53平方米,朝南,低层(共18层),简单装修,普通住宅,和瑞园,西青 李七庄,3.10E+15
1500,付3押1,1室1厅1卫,48.2平方米,朝南,高层(共6层),简单装修,普通住宅,珠峰里,河西 小海地,3.11E+15
2300,付3押1,3室1厅1卫,92平方米,朝南,高层(共33层),简单装修,普通住宅,北宁湾宁宇家园,河北 铁东路街,3.11E+15
1700,付3押1,2室1厅1卫,55平方米,南北,低层(共6层),简单装修,普通住宅,宁城楼,红桥 咸阳北路街,3.11E+15
1400,付3押1,1室1厅1卫,46平方米,南北,高层(共7层),简单装修,普通住宅,正德里,塘沽 塘沽新村街,3.11E+15
